account_id,token_address,token_symbol,token_decimals,balance,derivedETH,formattedBalances
0x02d27d55f24365f10e1a93a48009dff3035ea7dd,0x078d782b760474a361dda0af3839290b0ef57ad6,USDC,6,0,0.0002232623702972359774296074154306469,0
0x02d27d55f24365f10e1a93a48009dff3035ea7dd,0x4200000000000000000000000000000000000006,WETH,18,0,1,0
0x037d7dc68b9f46400ee33792aa258612ad5045f1,0x078d782b760474a361dda0af3839290b0ef57ad6,USDC,6,42805844,0.0002232623702972359774296074154306469,42.805844
0x037d7dc68b9f46400ee33792aa258612ad5045f1,0x4200000000000000000000000000000000000006,WETH,18,36213069795788984,1,0.036213069795788984
0x037d7dc68b9f46400ee33792aa258612ad5045f1,0x9151434b16b9763660705744891fa906f660ecc5,USD₮0,6,62626623,0.0002232940457062827833229487878148964,62.626623
0x03a0eee3fd0c02f25038258455413b90262364f1,0x078d782b760474a361dda0af3839290b0ef57ad6,USDC,6,0,0.0002232623702972359774296074154306469,0
0x03a0eee3fd0c02f25038258455413b90262364f1,0x4200000000000000000000000000000000000006,WETH,18,0,1,0
0x045324661b1b38d32a8c5b50f1b5bdd62f5f9d86,0x078d782b760474a361dda0af3839290b0ef57ad6,USDC,6,0,0.0002232623702972359774296074154306469,0
0x045324661b1b38d32a8c5b50f1b5bdd62f5f9d86,0x4200000000000000000000000000000000000006,WETH,18,1029089761109200,1,0.0010290897611092
0x05fc818f76666f9dd1bbe67b16c435f47e433882,0x078d782b760474a361dda0af3839290b0ef57ad6,USDC,6,30344,0.0002232623702972359774296074154306469,0.030344
0x05fc818f76666f9dd1bbe67b16c435f47e433882,0x4200000000000000000000000000000000000006,WETH,18,5002774202650,1,0.00000500277420265
0x05fc818f76666f9dd1bbe67b16c435f47e433882,0x8f187aa05619a017077f5308904739877ce9ea21,UNI,18,0,0.002209706369340035458379914791264532,0
0x067cadb45bb1867392f3dd7414728e3f83293f98,0x078d782b760474a361dda0af3839290b0ef57ad6,USDC,6,0,0.0002232623702972359774296074154306469,0
0x067cadb45bb1867392f3dd7414728e3f83293f98,0x4200000000000000000000000000000000000006,WETH,18,5132202808926368,1,0.005132202808926368
0x0721a5e6e38ef9709f9f7b12e6ff07339471f900,0x078d782b760474a361dda0af3839290b0ef57ad6,USDC,6,0,0.0002232623702972359774296074154306469,0
0x0721a5e6e38ef9709f9f7b12e6ff07339471f900,0x8f187aa05619a017077f5308904739877ce9ea21,UNI,18,0,0.002209706369340035458379914791264532,0
0x07303428898c21108a01be4632371c86812c8a0d,0x078d782b760474a361dda0af3839290b0ef57ad6,USDC,6,0,0.0002232623702972359774296074154306469,0
0x07303428898c21108a01be4632371c86812c8a0d,0x4200000000000000000000000000000000000006,WETH,18,0,1,0
0x079cce6f2467ac331bbdafa41543b5b9a2064686,0x078d782b760474a361dda0af3839290b0ef57ad6,USDC,6,0,0.0002232623702972359774296074154306469,0
0x079cce6f2467ac331bbdafa41543b5b9a2064686,0x4200000000000000000000000000000000000006,WETH,18,1,1,0.000000000000000001
0x079cce6f2467ac331bbdafa41543b5b9a2064686,0x9151434b16b9763660705744891fa906f660ecc5,USD₮0,6,0,0.0002232940457062827833229487878148964,0
0x07d377348cc6bbef48e1eb5a7b81515ba11c7bdd,0x078d782b760474a361dda0af3839290b0ef57ad6,USDC,6,0,0.0002232623702972359774296074154306469,0
0x07d377348cc6bbef48e1eb5a7b81515ba11c7bdd,0x4200000000000000000000000000000000000006,WETH,18,671678017716027946,1,0.671678017716027946
0x0af2228b8d91f1c1c0552739f0ea34bd9d15cbac,0x078d782b760474a361dda0af3839290b0ef57ad6,USDC,6,22,0.0002232623702972359774296074154306469,0.000022
0x0af2228b8d91f1c1c0552739f0ea34bd9d15cbac,0x4200000000000000000000000000000000000006,WETH,18,0,1,0
0x0afb53a80bc8e2b6186f3f730167e76ff48ae15e,0x078d782b760474a361dda0af3839290b0ef57ad6,USDC,6,0,0.0002232623702972359774296074154306469,0
0x0afb53a80bc8e2b6186f3f730167e76ff48ae15e,0x4200000000000000000000000000000000000006,WETH,18,0,1,0
0x0b2c2424ee84d3a2f6aa59ee45170258edf08e33,0x078d782b760474a361dda0af3839290b0ef57ad6,USDC,6,2,0.0002232623702972359774296074154306469,0.000002
0x0b2c2424ee84d3a2f6aa59ee45170258edf08e33,0x4200000000000000000000000000000000000006,WETH,18,0,1,0
0x0b6445d128803bd40ac838ed7f2b38adcd8188bc,0x078d782b760474a361dda0af3839290b0ef57ad6,USDC,6,0,0.0002232623702972359774296074154306469,0
0x0b6445d128803bd40ac838ed7f2b38adcd8188bc,0x8f187aa05619a017077f5308904739877ce9ea21,UNI,18,308728628590760108,0.002209706369340035458379914791264532,0.308728628590760108
0x0b6710f8cbd1642c48d4cb358f3353d8618a748d,0x078d782b760474a361dda0af3839290b0ef57ad6,USDC,6,3666262391,0.0002232623702972359774296074154306469,3666.262391
0x0b6710f8cbd1642c48d4cb358f3353d8618a748d,0x4200000000000000000000000000000000000006,WETH,18,1401727703476054544,1,1.401727703476054544
0x0c4219ad849bff7cf641c1f8aae178b8761c7f30,0x078d782b760474a361dda0af3839290b0ef57ad6,USDC,6,6132,0.0002232623702972359774296074154306469,0.006132
0x0c4219ad849bff7cf641c1f8aae178b8761c7f30,0x4200000000000000000000000000000000000006,WETH,18,0,1,0
0x0c5f2371d3e1a23f5a2c7898402093795a90f5c9,0x078d782b760474a361dda0af3839290b0ef57ad6,USDC,6,685267,0.0002232623702972359774296074154306469,0.685267
0x0c5f2371d3e1a23f5a2c7898402093795a90f5c9,0x4200000000000000000000000000000000000006,WETH,18,0,1,0
0x0ccd19b362e02bccbb39fedacfa61a0c267e62aa,0x4200000000000000000000000000000000000006,WETH,18,0,1,0
0x0ccd19b362e02bccbb39fedacfa61a0c267e62aa,0x8f187aa05619a017077f5308904739877ce9ea21,UNI,18,0,0.002209706369340035458379914791264532,0
0x0d03670983c50b85b0d51b0faeda0f68e467bac0,0x078d782b760474a361dda0af3839290b0ef57ad6,USDC,6,51252507,0.0002232623702972359774296074154306469,51.252507
0x0d03670983c50b85b0d51b0faeda0f68e467bac0,0x4200000000000000000000000000000000000006,WETH,18,0,1,0
0x0d598a9f3f90804afc5a194e0e59e6addae86f40,0x078d782b760474a361dda0af3839290b0ef57ad6,USDC,6,0,0.0002232623702972359774296074154306469,0
0x0d598a9f3f90804afc5a194e0e59e6addae86f40,0x4200000000000000000000000000000000000006,WETH,18,0,1,0
0x0ec9902a59b5a19132d2c4f82599868698ccec67,0x078d782b760474a361dda0af3839290b0ef57ad6,USDC,6,0,0.0002232623702972359774296074154306469,0
0x0ec9902a59b5a19132d2c4f82599868698ccec67,0x4200000000000000000000000000000000000006,WETH,18,0,1,0
0x0f3d639c9a90659b72eb182df5143a36e6fc6684,0x078d782b760474a361dda0af3839290b0ef57ad6,USDC,6,20447,0.0002232623702972359774296074154306469,0.020447
0x0f3d639c9a90659b72eb182df5143a36e6fc6684,0x4200000000000000000000000000000000000006,WETH,18,0,1,0
0x10eb74e3bf7aa53c4ce96468a318e5813dcb9a9b,0x078d782b760474a361dda0af3839290b0ef57ad6,USDC,6,0,0.0002232623702972359774296074154306469,0
0x10eb74e3bf7aa53c4ce96468a318e5813dcb9a9b,0x4200000000000000000000000000000000000006,WETH,18,39110334979748410,1,0.03911033497974841
0x1150ae24bbb37ea32ff116bc86a35836b41920c9,0x078d782b760474a361dda0af3839290b0ef57ad6,USDC,6,26172,0.0002232623702972359774296074154306469,0.026172
0x1150ae24bbb37ea32ff116bc86a35836b41920c9,0x20cab320a855b39f724131c69424240519573f81,DAI,18,8020942015388874,0.0002239275384258182651926595865209164,0.008020942015388874
0x1150ae24bbb37ea32ff116bc86a35836b41920c9,0x4200000000000000000000000000000000000006,WETH,18,32470696884184,1,0.000032470696884184
0x1150ae24bbb37ea32ff116bc86a35836b41920c9,0x8f187aa05619a017077f5308904739877ce9ea21,UNI,18,5525058816956621,0.002209706369340035458379914791264532,0.005525058816956621
0x11b504af6c1a56d4cba0ee6e4c4edc769190698a,0x078d782b760474a361dda0af3839290b0ef57ad6,USDC,6,0,0.0002232623702972359774296074154306469,0
0x11b504af6c1a56d4cba0ee6e4c4edc769190698a,0x4200000000000000000000000000000000000006,WETH,18,0,1,0
0x1487b68344de8a7db9b03d4df4325f708a4fb487,0x078d782b760474a361dda0af3839290b0ef57ad6,USDC,6,0,0.0002232623702972359774296074154306469,0
0x1487b68344de8a7db9b03d4df4325f708a4fb487,0x4200000000000000000000000000000000000006,WETH,18,0,1,0
0x150b675f74c00ef976245dc940ad64790c367e89,0x078d782b760474a361dda0af3839290b0ef57ad6,USDC,6,100366260,0.0002232623702972359774296074154306469,100.36626
0x150b675f74c00ef976245dc940ad64790c367e89,0x4200000000000000000000000000000000000006,WETH,18,0,1,0
0x15fa03ab91a7f9c4f85e9319b3f303fd36ac6ae6,0x078d782b760474a361dda0af3839290b0ef57ad6,USDC,6,0,0.0002232623702972359774296074154306469,0
0x15fa03ab91a7f9c4f85e9319b3f303fd36ac6ae6,0x4200000000000000000000000000000000000006,WETH,18,0,1,0
0x192f1e9d644ce15597e97a8f11c3cb54eef3214d,0x078d782b760474a361dda0af3839290b0ef57ad6,USDC,6,0,0.0002232623702972359774296074154306469,0
0x192f1e9d644ce15597e97a8f11c3cb54eef3214d,0x4200000000000000000000000000000000000006,WETH,18,0,1,0
0x19bee99fb04bef2fd31563bcffb4f5ad0a3d594a,0x078d782b760474a361dda0af3839290b0ef57ad6,USDC,6,0,0.0002232623702972359774296074154306469,0
0x19bee99fb04bef2fd31563bcffb4f5ad0a3d594a,0x4200000000000000000000000000000000000006,WETH,18,0,1,0
0x19bee99fb04bef2fd31563bcffb4f5ad0a3d594a,0x9151434b16b9763660705744891fa906f660ecc5,USD₮0,6,0,0.0002232940457062827833229487878148964,0
0x19bee99fb04bef2fd31563bcffb4f5ad0a3d594a,0x927b51f251480a681271180da4de28d44ec4afb8,WBTC,8,0,24.96086049255739644297257544746364,0
0x19f6859c13a8df8e537b376de5df6743f3967502,0x078d782b760474a361dda0af3839290b0ef57ad6,USDC,6,0,0.0002232623702972359774296074154306469,0
0x19f6859c13a8df8e537b376de5df6743f3967502,0x4200000000000000000000000000000000000006,WETH,18,0,1,0
0x1a270fb75584f8e7c4155accb463135aaca6183b,0x078d782b760474a361dda0af3839290b0ef57ad6,USDC,6,0,0.0002232623702972359774296074154306469,0
0x1a270fb75584f8e7c4155accb463135aaca6183b,0x4200000000000000000000000000000000000006,WETH,18,0,1,0
0x1af21ccab4caee0881b3d87604f60af4584dbeb4,0x078d782b760474a361dda0af3839290b0ef57ad6,USDC,6,1941187,0.0002232623702972359774296074154306469,1.941187
0x1af21ccab4caee0881b3d87604f60af4584dbeb4,0x4200000000000000000000000000000000000006,WETH,18,0,1,0
0x1bfe96595fb067c8a2e273578f1aaa06c04238f2,0x078d782b760474a361dda0af3839290b0ef57ad6,USDC,6,0,0.0002232623702972359774296074154306469,0
0x1bfe96595fb067c8a2e273578f1aaa06c04238f2,0x4200000000000000000000000000000000000006,WETH,18,0,1,0
0x1c6e609ba5cdb0181dab867a63fbc1d9dc12f781,0x078d782b760474a361dda0af3839290b0ef57ad6,USDC,6,0,0.0002232623702972359774296074154306469,0
0x1c6e609ba5cdb0181dab867a63fbc1d9dc12f781,0x4200000000000000000000000000000000000006,WETH,18,0,1,0
0x1e4b6b696f7950c41450c87248c4f003214ef222,0x078d782b760474a361dda0af3839290b0ef57ad6,USDC,6,0,0.0002232623702972359774296074154306469,0
0x1e4b6b696f7950c41450c87248c4f003214ef222,0x4200000000000000000000000000000000000006,WETH,18,0,1,0
0x1f2aac54e7f2d001572571980664aa2185aff164,0x078d782b760474a361dda0af3839290b0ef57ad6,USDC,6,0,0.0002232623702972359774296074154306469,0
0x1f2aac54e7f2d001572571980664aa2185aff164,0x4200000000000000000000000000000000000006,WETH,18,0,1,0
0x1fa9fedab57e902f2086abf6f6e8197e38f122e5,0x078d782b760474a361dda0af3839290b0ef57ad6,USDC,6,32083,0.0002232623702972359774296074154306469,0.032083
0x1fa9fedab57e902f2086abf6f6e8197e38f122e5,0x4200000000000000000000000000000000000006,WETH,18,10321410644155,1,0.000010321410644155
0x1fa9fedab57e902f2086abf6f6e8197e38f122e5,0x8f187aa05619a017077f5308904739877ce9ea21,UNI,18,3761079868586271,0.002209706369340035458379914791264532,0.003761079868586271
0x1fbb3ba13bd9d6733b4b476eafcad17fed788863,0x078d782b760474a361dda0af3839290b0ef57ad6,USDC,6,4599,0.0002232623702972359774296074154306469,0.004599
0x1fbb3ba13bd9d6733b4b476eafcad17fed788863,0x4200000000000000000000000000000000000006,WETH,18,0,1,0
0x1fe82bea7aa95e9595777a10712a4a60bcf9c6be,0x078d782b760474a361dda0af3839290b0ef57ad6,USDC,6,0,0.0002232623702972359774296074154306469,0
0x1fe82bea7aa95e9595777a10712a4a60bcf9c6be,0x4200000000000000000000000000000000000006,WETH,18,0,1,0
0x202ea1761874d9e870a776cb9a36b8f902225638,0x078d782b760474a361dda0af3839290b0ef57ad6,USDC,6,5468852,0.0002232623702972359774296074154306469,5.468852
0x202ea1761874d9e870a776cb9a36b8f902225638,0x4200000000000000000000000000000000000006,WETH,18,0,1,0
0x202ea1761874d9e870a776cb9a36b8f902225638,0x8f187aa05619a017077f5308904739877ce9ea21,UNI,18,0,0.002209706369340035458379914791264532,0
0x216cb55763978bf1edf1a1f3899235bb06a8a86b,0x078d782b760474a361dda0af3839290b0ef57ad6,USDC,6,0,0.0002232623702972359774296074154306469,0
0x216cb55763978bf1edf1a1f3899235bb06a8a86b,0x4200000000000000000000000000000000000006,WETH,18,0,1,0
0x21701cdad0fb1d20aed10330456cba766f0b08bc,0x078d782b760474a361dda0af3839290b0ef57ad6,USDC,6,0,0.0002232623702972359774296074154306469,0
0x21701cdad0fb1d20aed10330456cba766f0b08bc,0x4200000000000000000000000000000000000006,WETH,18,0,1,0
0x2239bfbab4cd1cb8c2abb8ba33f97f523b56ccc4,0x078d782b760474a361dda0af3839290b0ef57ad6,USDC,6,0,0.0002232623702972359774296074154306469,0
0x2239bfbab4cd1cb8c2abb8ba33f97f523b56ccc4,0x4200000000000000000000000000000000000006,WETH,18,0,1,0
0x228901cbf7e83da4eb5b70f5821b6d86644f4d2d,0x078d782b760474a361dda0af3839290b0ef57ad6,USDC,6,1715130902,0.0002232623702972359774296074154306469,1715.130902
0x228901cbf7e83da4eb5b70f5821b6d86644f4d2d,0x4200000000000000000000000000000000000006,WETH,18,213799738893720701,1,0.213799738893720701
0x22b3cb9b8af0bc0fab7eee8a7b77a7f21e1b56e3,0x4200000000000000000000000000000000000006,WETH,18,31266996429493,1,0.000031266996429493
0x22b3cb9b8af0bc0fab7eee8a7b77a7f21e1b56e3,0x8f187aa05619a017077f5308904739877ce9ea21,UNI,18,229540280290743,0.002209706369340035458379914791264532,0.000229540280290743
0x238193be9e80e68eace3588b45d8cf4a7eae0fa3,0x078d782b760474a361dda0af3839290b0ef57ad6,USDC,6,101706,0.0002232623702972359774296074154306469,0.101706
0x238193be9e80e68eace3588b45d8cf4a7eae0fa3,0x4200000000000000000000000000000000000006,WETH,18,0,1,0
0x2463f115d9d64f2c8923dc836aa6c7d34d7d84a8,0x078d782b760474a361dda0af3839290b0ef57ad6,USDC,6,36269,0.0002232623702972359774296074154306469,0.036269
0x2463f115d9d64f2c8923dc836aa6c7d34d7d84a8,0x4200000000000000000000000000000000000006,WETH,18,27859298187059,1,0.000027859298187059
0x24b02872899166b886fab709a6a55490e6cab12a,0x078d782b760474a361dda0af3839290b0ef57ad6,USDC,6,10003,0.0002232623702972359774296074154306469,0.010003
0x24b02872899166b886fab709a6a55490e6cab12a,0x8f187aa05619a017077f5308904739877ce9ea21,UNI,18,0,0.002209706369340035458379914791264532,0
0x25041fd4c69f083c3acba2c26ea59a16bbbf2386,0x078d782b760474a361dda0af3839290b0ef57ad6,USDC,6,1,0.0002232623702972359774296074154306469,0.000001
0x25041fd4c69f083c3acba2c26ea59a16bbbf2386,0x4200000000000000000000000000000000000006,WETH,18,0,1,0
0x259e378ce105da83ed8d26784eb39afcc104e135,0x078d782b760474a361dda0af3839290b0ef57ad6,USDC,6,101203103,0.0002232623702972359774296074154306469,101.203103
0x259e378ce105da83ed8d26784eb39afcc104e135,0x4200000000000000000000000000000000000006,WETH,18,0,1,0
0x25fc2fc8d44f2e256ab1d65cf70f1d9134d5bfb4,0x078d782b760474a361dda0af3839290b0ef57ad6,USDC,6,0,0.0002232623702972359774296074154306469,0
0x25fc2fc8d44f2e256ab1d65cf70f1d9134d5bfb4,0x4200000000000000000000000000000000000006,WETH,18,0,1,0
0x26c946ec023eb47cab7f28829d19dee94f77afc1,0x078d782b760474a361dda0af3839290b0ef57ad6,USDC,6,0,0.0002232623702972359774296074154306469,0
0x26c946ec023eb47cab7f28829d19dee94f77afc1,0x4200000000000000000000000000000000000006,WETH,18,0,1,0
0x277effae0451d72aa4cdde895426f44f12c13fb0,0x078d782b760474a361dda0af3839290b0ef57ad6,USDC,6,15246110,0.0002232623702972359774296074154306469,15.24611
0x277effae0451d72aa4cdde895426f44f12c13fb0,0x4200000000000000000000000000000000000006,WETH,18,0,1,0
0x277effae0451d72aa4cdde895426f44f12c13fb0,0x8f187aa05619a017077f5308904739877ce9ea21,UNI,18,1334377777681885755,0.002209706369340035458379914791264532,1.334377777681885755
0x27a7ecd9908c7c817196782c8f609fcb75e5fdfc,0x078d782b760474a361dda0af3839290b0ef57ad6,USDC,6,0,0.0002232623702972359774296074154306469,0
0x27a7ecd9908c7c817196782c8f609fcb75e5fdfc,0x4200000000000000000000000000000000000006,WETH,18,998442261212,1,0.000000998442261212
0x27ce6c600a66e69994a818b01d6bd12e554f8711,0x078d782b760474a361dda0af3839290b0ef57ad6,USDC,6,0,0.0002232623702972359774296074154306469,0
0x27ce6c600a66e69994a818b01d6bd12e554f8711,0x4200000000000000000000000000000000000006,WETH,18,0,1,0
0x29ffddbea8c331cb4538a7be3fb7b02e961fbf5b,0x078d782b760474a361dda0af3839290b0ef57ad6,USDC,6,0,0.0002232623702972359774296074154306469,0
0x29ffddbea8c331cb4538a7be3fb7b02e961fbf5b,0x4200000000000000000000000000000000000006,WETH,18,0,1,0
0x2a6b8024190cf537efa3685792f201fd1aac7294,0x078d782b760474a361dda0af3839290b0ef57ad6,USDC,6,1,0.0002232623702972359774296074154306469,0.000001
0x2a6b8024190cf537efa3685792f201fd1aac7294,0x4200000000000000000000000000000000000006,WETH,18,0,1,0
0x2cb7128aedacd089f1305a2e5dd99ab96983ce10,0x4200000000000000000000000000000000000006,WETH,18,1259874031308522,1,0.001259874031308522
0x2cb7128aedacd089f1305a2e5dd99ab96983ce10,0x8f187aa05619a017077f5308904739877ce9ea21,UNI,18,199778618712142028,0.002209706369340035458379914791264532,0.199778618712142028
0x2cd8cc289e927be809cc396c2075e32fabffd885,0x078d782b760474a361dda0af3839290b0ef57ad6,USDC,6,0,0.0002232623702972359774296074154306469,0
0x2cd8cc289e927be809cc396c2075e32fabffd885,0x4200000000000000000000000000000000000006,WETH,18,0,1,0
0x2d7fd2952f3dc9855abe3bb1b454c2d85e6b6529,0x078d782b760474a361dda0af3839290b0ef57ad6,USDC,6,56290068,0.0002232623702972359774296074154306469,56.290068
0x2d7fd2952f3dc9855abe3bb1b454c2d85e6b6529,0x4200000000000000000000000000000000000006,WETH,18,100005938676982201,1,0.100005938676982201
0x2d7fd2952f3dc9855abe3bb1b454c2d85e6b6529,0x927b51f251480a681271180da4de28d44ec4afb8,WBTC,8,330110,24.96086049255739644297257544746364,0.0033011
0x2d9539438a9cd63e05d4c1678dbcd5d0e38b9b0a,0x078d782b760474a361dda0af3839290b0ef57ad6,USDC,6,365464,0.0002232623702972359774296074154306469,0.365464
0x2d9539438a9cd63e05d4c1678dbcd5d0e38b9b0a,0x4200000000000000000000000000000000000006,WETH,18,112779088361822,1,0.000112779088361822
0x2f7ec71e63044af1b00a5e9769ee7cfb963ea651,0x078d782b760474a361dda0af3839290b0ef57ad6,USDC,6,0,0.0002232623702972359774296074154306469,0
0x2f7ec71e63044af1b00a5e9769ee7cfb963ea651,0x4200000000000000000000000000000000000006,WETH,18,0,1,0
0x2fee3cc6fd9da42565851fdc7b693187c0e6c4cc,0x078d782b760474a361dda0af3839290b0ef57ad6,USDC,6,0,0.0002232623702972359774296074154306469,0
0x2fee3cc6fd9da42565851fdc7b693187c0e6c4cc,0x4200000000000000000000000000000000000006,WETH,18,0,1,0
0x31067fb2d970d5ca66bb5c891af66239915f365a,0x078d782b760474a361dda0af3839290b0ef57ad6,USDC,6,0,0.0002232623702972359774296074154306469,0
0x31067fb2d970d5ca66bb5c891af66239915f365a,0x4200000000000000000000000000000000000006,WETH,18,0,1,0
0x356684ec83085baa6483570b1b6b0257511af288,0x078d782b760474a361dda0af3839290b0ef57ad6,USDC,6,28763989,0.0002232623702972359774296074154306469,28.763989
0x356684ec83085baa6483570b1b6b0257511af288,0x4200000000000000000000000000000000000006,WETH,18,0,1,0
0x35a7e2ab72dfea19f5cabad70694a4c19dc9a19f,0x078d782b760474a361dda0af3839290b0ef57ad6,USDC,6,5110,0.0002232623702972359774296074154306469,0.00511
0x35a7e2ab72dfea19f5cabad70694a4c19dc9a19f,0x4200000000000000000000000000000000000006,WETH,18,0,1,0
0x361d6a0a6ce25c833081daa7c31c416d4295ec5a,0x078d782b760474a361dda0af3839290b0ef57ad6,USDC,6,2212,0.0002232623702972359774296074154306469,0.002212
0x361d6a0a6ce25c833081daa7c31c416d4295ec5a,0x4200000000000000000000000000000000000006,WETH,18,0,1,0
0x36eb3ed8c49cd71de01e54df7d54057c9b9c601a,0x078d782b760474a361dda0af3839290b0ef57ad6,USDC,6,0,0.0002232623702972359774296074154306469,0
0x36eb3ed8c49cd71de01e54df7d54057c9b9c601a,0x4200000000000000000000000000000000000006,WETH,18,0,1,0
0x37b522f9ffc88ee6ebea238fd9cf4bd4959d1d59,0x078d782b760474a361dda0af3839290b0ef57ad6,USDC,6,1,0.0002232623702972359774296074154306469,0.000001
0x37b522f9ffc88ee6ebea238fd9cf4bd4959d1d59,0x4200000000000000000000000000000000000006,WETH,18,0,1,0
0x3a5bc4e5ed06e90d8db77fe9490ec38f493a966b,0x078d782b760474a361dda0af3839290b0ef57ad6,USDC,6,31024,0.0002232623702972359774296074154306469,0.031024
0x3a5bc4e5ed06e90d8db77fe9490ec38f493a966b,0x4200000000000000000000000000000000000006,WETH,18,4994887418971,1,0.000004994887418971
0x3a5bc4e5ed06e90d8db77fe9490ec38f493a966b,0x8f187aa05619a017077f5308904739877ce9ea21,UNI,18,1007916910171143,0.002209706369340035458379914791264532,0.001007916910171143
0x3a78dbe2fe755c49710aac23308bb3be073083a6,0x078d782b760474a361dda0af3839290b0ef57ad6,USDC,6,21530096,0.0002232623702972359774296074154306469,21.530096
0x3a78dbe2fe755c49710aac23308bb3be073083a6,0x4200000000000000000000000000000000000006,WETH,18,0,1,0
0x3b2fcff786797c9a8fad856fa07bca948f5d7562,0x078d782b760474a361dda0af3839290b0ef57ad6,USDC,6,107,0.0002232623702972359774296074154306469,0.000107
0x3b2fcff786797c9a8fad856fa07bca948f5d7562,0x4200000000000000000000000000000000000006,WETH,18,0,1,0
0x3b8e8fe28b25d696e37179af0be5778bf4f799a2,0x078d782b760474a361dda0af3839290b0ef57ad6,USDC,6,1,0.0002232623702972359774296074154306469,0.000001
0x3b8e8fe28b25d696e37179af0be5778bf4f799a2,0x4200000000000000000000000000000000000006,WETH,18,0,1,0
0x3bcb079c336f6ca8e5a54e6a6f9b591418472dac,0x078d782b760474a361dda0af3839290b0ef57ad6,USDC,6,0,0.0002232623702972359774296074154306469,0
0x3bcb079c336f6ca8e5a54e6a6f9b591418472dac,0x4200000000000000000000000000000000000006,WETH,18,0,1,0
0x3bcb079c336f6ca8e5a54e6a6f9b591418472dac,0x9151434b16b9763660705744891fa906f660ecc5,USD₮0,6,9687937,0.0002232940457062827833229487878148964,9.687937
0x3bcb079c336f6ca8e5a54e6a6f9b591418472dac,0x927b51f251480a681271180da4de28d44ec4afb8,WBTC,8,7813,24.96086049255739644297257544746364,0.00007813
0x3c7f7d5381b126e1ed69eaef7b064005feda3a6e,0x078d782b760474a361dda0af3839290b0ef57ad6,USDC,6,35048275,0.0002232623702972359774296074154306469,35.048275
0x3c7f7d5381b126e1ed69eaef7b064005feda3a6e,0x4200000000000000000000000000000000000006,WETH,18,0,1,0
0x3d1bcce239c7c605fed46ce56d5cfc917c39200c,0x078d782b760474a361dda0af3839290b0ef57ad6,USDC,6,0,0.0002232623702972359774296074154306469,0
0x3d1bcce239c7c605fed46ce56d5cfc917c39200c,0x4200000000000000000000000000000000000006,WETH,18,0,1,0
0x3e09974d6ddce240b3455b20288d1d40897a5f6b,0x078d782b760474a361dda0af3839290b0ef57ad6,USDC,6,0,0.0002232623702972359774296074154306469,0
0x3e09974d6ddce240b3455b20288d1d40897a5f6b,0x4200000000000000000000000000000000000006,WETH,18,100162955539638474,1,0.100162955539638474
0x3eb7ff01ae4d9f1c10953029934555837eb95ee5,0x078d782b760474a361dda0af3839290b0ef57ad6,USDC,6,199490998,0.0002232623702972359774296074154306469,199.490998
0x3eb7ff01ae4d9f1c10953029934555837eb95ee5,0x4200000000000000000000000000000000000006,WETH,18,41934230922654,1,0.000041934230922654
0x3ef9e08855fa9472f256578c18bd82a5ddf1237a,0x078d782b760474a361dda0af3839290b0ef57ad6,USDC,6,1,0.0002232623702972359774296074154306469,0.000001
0x3ef9e08855fa9472f256578c18bd82a5ddf1237a,0x20cab320a855b39f724131c69424240519573f81,DAI,18,0,0.0002239275384258182651926595865209164,0
0x3ef9e08855fa9472f256578c18bd82a5ddf1237a,0x4200000000000000000000000000000000000006,WETH,18,0,1,0
0x3ef9e08855fa9472f256578c18bd82a5ddf1237a,0x8f187aa05619a017077f5308904739877ce9ea21,UNI,18,0,0.002209706369340035458379914791264532,0
0x3f6e473d9457452952026c6a77ea79a469d8bdd3,0x078d782b760474a361dda0af3839290b0ef57ad6,USDC,6,10223,0.0002232623702972359774296074154306469,0.010223
0x3f6e473d9457452952026c6a77ea79a469d8bdd3,0x4200000000000000000000000000000000000006,WETH,18,10078913679679,1,0.000010078913679679
0x42adb2ae252ec306d699798d613ff6540d91b9c2,0x078d782b760474a361dda0af3839290b0ef57ad6,USDC,6,35379,0.0002232623702972359774296074154306469,0.035379
0x42adb2ae252ec306d699798d613ff6540d91b9c2,0x20cab320a855b39f724131c69424240519573f81,DAI,18,20023044283783383,0.0002239275384258182651926595865209164,0.020023044283783383
0x42adb2ae252ec306d699798d613ff6540d91b9c2,0x4200000000000000000000000000000000000006,WETH,18,6014543460216,1,0.000006014543460216
0x42adb2ae252ec306d699798d613ff6540d91b9c2,0x8f187aa05619a017077f5308904739877ce9ea21,UNI,18,6203285618625129,0.002209706369340035458379914791264532,0.006203285618625129
0x434cfffce3b412aa5a41c8f6bd4181bb2581dabe,0x078d782b760474a361dda0af3839290b0ef57ad6,USDC,6,50009802,0.0002232623702972359774296074154306469,50.009802
0x434cfffce3b412aa5a41c8f6bd4181bb2581dabe,0x4200000000000000000000000000000000000006,WETH,18,0,1,0
0x4370d3072664d31c80a6c79080e0714a4ac2f020,0x078d782b760474a361dda0af3839290b0ef57ad6,USDC,6,0,0.0002232623702972359774296074154306469,0
0x4370d3072664d31c80a6c79080e0714a4ac2f020,0x4200000000000000000000000000000000000006,WETH,18,0,1,0
0x44f5380f4c66b3b6a2cf68e0cdda3f8e352cb4d9,0x078d782b760474a361dda0af3839290b0ef57ad6,USDC,6,1,0.0002232623702972359774296074154306469,0.000001
0x44f5380f4c66b3b6a2cf68e0cdda3f8e352cb4d9,0x4200000000000000000000000000000000000006,WETH,18,0,1,0
0x45051c30c70b5b7cadfd052c586a88754190b587,0x078d782b760474a361dda0af3839290b0ef57ad6,USDC,6,0,0.0002232623702972359774296074154306469,0
0x45051c30c70b5b7cadfd052c586a88754190b587,0x4200000000000000000000000000000000000006,WETH,18,0,1,0
0x45051c30c70b5b7cadfd052c586a88754190b587,0x927b51f251480a681271180da4de28d44ec4afb8,WBTC,8,0,24.96086049255739644297257544746364,0
0x45c9df34c8e33728cfe558b1330a8dcd15518b47,0x078d782b760474a361dda0af3839290b0ef57ad6,USDC,6,4395,0.0002232623702972359774296074154306469,0.004395
0x45c9df34c8e33728cfe558b1330a8dcd15518b47,0x4200000000000000000000000000000000000006,WETH,18,0,1,0
0x45ecddc23a646acbe985866f7cfebac9f94836e7,0x078d782b760474a361dda0af3839290b0ef57ad6,USDC,6,182494,0.0002232623702972359774296074154306469,0.182494
0x45ecddc23a646acbe985866f7cfebac9f94836e7,0x4200000000000000000000000000000000000006,WETH,18,99899399626813,1,0.000099899399626813
0x46893351d7553630fa11e513e874fbc8c3cdae5d,0x078d782b760474a361dda0af3839290b0ef57ad6,USDC,6,0,0.0002232623702972359774296074154306469,0
0x46893351d7553630fa11e513e874fbc8c3cdae5d,0x4200000000000000000000000000000000000006,WETH,18,100793502504610,1,0.00010079350250461
0x4719c80ec5b36bc799c1d1ba4a99b7a22e2a9ced,0x078d782b760474a361dda0af3839290b0ef57ad6,USDC,6,10235489,0.0002232623702972359774296074154306469,10.235489
0x4719c80ec5b36bc799c1d1ba4a99b7a22e2a9ced,0x4200000000000000000000000000000000000006,WETH,18,965908174182816,1,0.000965908174182816
0x47a235f03b07f57d9c39aff3beb00364db9e46b0,0x078d782b760474a361dda0af3839290b0ef57ad6,USDC,6,0,0.0002232623702972359774296074154306469,0
0x47a235f03b07f57d9c39aff3beb00364db9e46b0,0x4200000000000000000000000000000000000006,WETH,18,60926745427681343,1,0.060926745427681343
0x47a235f03b07f57d9c39aff3beb00364db9e46b0,0x927b51f251480a681271180da4de28d44ec4afb8,WBTC,8,0,24.96086049255739644297257544746364,0
0x4a1683be68490ee0346194139998318ebef7cc06,0x078d782b760474a361dda0af3839290b0ef57ad6,USDC,6,4644763,0.0002232623702972359774296074154306469,4.644763
0x4a1683be68490ee0346194139998318ebef7cc06,0x4200000000000000000000000000000000000006,WETH,18,235954631269961,1,0.000235954631269961
0x4afc6fafbe1cd2b4c074107b86d2fb95c4c76abf,0x078d782b760474a361dda0af3839290b0ef57ad6,USDC,6,0,0.0002232623702972359774296074154306469,0
0x4afc6fafbe1cd2b4c074107b86d2fb95c4c76abf,0x4200000000000000000000000000000000000006,WETH,18,0,1,0
0x4be247d20b3cb51401896159af4e28d40efee444,0x078d782b760474a361dda0af3839290b0ef57ad6,USDC,6,0,0.0002232623702972359774296074154306469,0
0x4be247d20b3cb51401896159af4e28d40efee444,0x4200000000000000000000000000000000000006,WETH,18,0,1,0
0x4c213322d63272fa4f7e1fcd510c12e87f4c53d7,0x078d782b760474a361dda0af3839290b0ef57ad6,USDC,6,0,0.0002232623702972359774296074154306469,0
0x4c213322d63272fa4f7e1fcd510c12e87f4c53d7,0x4200000000000000000000000000000000000006,WETH,18,6840538476927910,1,0.00684053847692791
0x4c651e3050e5184acfdbb474115f0bb16cb4ba8e,0x078d782b760474a361dda0af3839290b0ef57ad6,USDC,6,0,0.0002232623702972359774296074154306469,0
0x4c651e3050e5184acfdbb474115f0bb16cb4ba8e,0x4200000000000000000000000000000000000006,WETH,18,0,1,0
0x4ca1b904fc9f15ec050108c0ffb3fb5ba48c5510,0x078d782b760474a361dda0af3839290b0ef57ad6,USDC,6,2,0.0002232623702972359774296074154306469,0.000002
0x4ca1b904fc9f15ec050108c0ffb3fb5ba48c5510,0x4200000000000000000000000000000000000006,WETH,18,2,1,0.000000000000000002
0x4ca1b904fc9f15ec050108c0ffb3fb5ba48c5510,0x8f187aa05619a017077f5308904739877ce9ea21,UNI,18,0,0.002209706369340035458379914791264532,0
0x4ca1b904fc9f15ec050108c0ffb3fb5ba48c5510,0x9151434b16b9763660705744891fa906f660ecc5,USD₮0,6,1,0.0002232940457062827833229487878148964,0.000001
0x4ca1b904fc9f15ec050108c0ffb3fb5ba48c5510,0x927b51f251480a681271180da4de28d44ec4afb8,WBTC,8,1,24.96086049255739644297257544746364,0.00000001
0x4cabb2bfe1e0e3eac82b2fc05a7b4db7fe7c77be,0x078d782b760474a361dda0af3839290b0ef57ad6,USDC,6,427885,0.0002232623702972359774296074154306469,0.427885
0x4cabb2bfe1e0e3eac82b2fc05a7b4db7fe7c77be,0x4200000000000000000000000000000000000006,WETH,18,199795500876890,1,0.00019979550087689
0x4f8df2571109d92ecea3111658da35a419abe48a,0x078d782b760474a361dda0af3839290b0ef57ad6,USDC,6,0,0.0002232623702972359774296074154306469,0
0x4f8df2571109d92ecea3111658da35a419abe48a,0x4200000000000000000000000000000000000006,WETH,18,0,1,0
0x4fe16484a24b2be0d1af853a5d7ae4e74fb7da7d,0x078d782b760474a361dda0af3839290b0ef57ad6,USDC,6,1,0.0002232623702972359774296074154306469,0.000001
0x4fe16484a24b2be0d1af853a5d7ae4e74fb7da7d,0x4200000000000000000000000000000000000006,WETH,18,0,1,0
0x4ffd0a59a26cb2aa76d403215e4cc2845c053994,0x4200000000000000000000000000000000000006,WETH,18,0,1,0
0x4ffd0a59a26cb2aa76d403215e4cc2845c053994,0x9151434b16b9763660705744891fa906f660ecc5,USD₮0,6,3792403,0.0002232940457062827833229487878148964,3.792403
0x5037e7747faa78fc0ecf8dfc526dcd19f73076ce,0x078d782b760474a361dda0af3839290b0ef57ad6,USDC,6,0,0.0002232623702972359774296074154306469,0
0x5037e7747faa78fc0ecf8dfc526dcd19f73076ce,0x4200000000000000000000000000000000000006,WETH,18,0,1,0
0x50528e984e46e6cf9e37800647b2201e8c80d226,0x078d782b760474a361dda0af3839290b0ef57ad6,USDC,6,0,0.0002232623702972359774296074154306469,0
0x50528e984e46e6cf9e37800647b2201e8c80d226,0x4200000000000000000000000000000000000006,WETH,18,0,1,0
0x50528e984e46e6cf9e37800647b2201e8c80d226,0x927b51f251480a681271180da4de28d44ec4afb8,WBTC,8,0,24.96086049255739644297257544746364,0
0x507e2135da72698044a8e6ff042324a18d73597b,0x078d782b760474a361dda0af3839290b0ef57ad6,USDC,6,46645309,0.0002232623702972359774296074154306469,46.645309
0x507e2135da72698044a8e6ff042324a18d73597b,0x4200000000000000000000000000000000000006,WETH,18,100302220870628078,1,0.100302220870628078
0x520ce257bcb2bf22f38fc66ba6511605644d8e1d,0x078d782b760474a361dda0af3839290b0ef57ad6,USDC,6,0,0.0002232623702972359774296074154306469,0
0x520ce257bcb2bf22f38fc66ba6511605644d8e1d,0x4200000000000000000000000000000000000006,WETH,18,0,1,0
0x52138b89a88248d9cc281945e6610bda0a68258d,0x078d782b760474a361dda0af3839290b0ef57ad6,USDC,6,0,0.0002232623702972359774296074154306469,0
0x52138b89a88248d9cc281945e6610bda0a68258d,0x4200000000000000000000000000000000000006,WETH,18,266347783297819787,1,0.266347783297819787
0x529191da627871a8ca94c58a83af78b9f954bb57,0x078d782b760474a361dda0af3839290b0ef57ad6,USDC,6,0,0.0002232623702972359774296074154306469,0
0x529191da627871a8ca94c58a83af78b9f954bb57,0x4200000000000000000000000000000000000006,WETH,18,0,1,0
0x5292bcbbc9657c1d480ebd64ed91e4831fb4b467,0x078d782b760474a361dda0af3839290b0ef57ad6,USDC,6,0,0.0002232623702972359774296074154306469,0
0x5292bcbbc9657c1d480ebd64ed91e4831fb4b467,0x4200000000000000000000000000000000000006,WETH,18,0,1,0
0x53dc3204f2f294f6a5649a36ac295f74a0db92e0,0x078d782b760474a361dda0af3839290b0ef57ad6,USDC,6,0,0.0002232623702972359774296074154306469,0
0x53dc3204f2f294f6a5649a36ac295f74a0db92e0,0x4200000000000000000000000000000000000006,WETH,18,0,1,0
0x53e213da8c28d85dc6663c3b5e35bb0ffbb05752,0x078d782b760474a361dda0af3839290b0ef57ad6,USDC,6,3538,0.0002232623702972359774296074154306469,0.003538
0x53e213da8c28d85dc6663c3b5e35bb0ffbb05752,0x4200000000000000000000000000000000000006,WETH,18,3467169813548130,1,0.00346716981354813
0x54a5895ecb763aac62c9e624e3ad5b7605283329,0x078d782b760474a361dda0af3839290b0ef57ad6,USDC,6,1,0.0002232623702972359774296074154306469,0.000001
0x54a5895ecb763aac62c9e624e3ad5b7605283329,0x4200000000000000000000000000000000000006,WETH,18,0,1,0
0x56c8b9e42185b8693adfb6030f42fb1e7cca0f16,0x078d782b760474a361dda0af3839290b0ef57ad6,USDC,6,25912710,0.0002232623702972359774296074154306469,25.91271
0x56c8b9e42185b8693adfb6030f42fb1e7cca0f16,0x4200000000000000000000000000000000000006,WETH,18,0,1,0
0x57f6f77da955c8fa89f3cf7973a1fb8054b56204,0x078d782b760474a361dda0af3839290b0ef57ad6,USDC,6,9070620,0.0002232623702972359774296074154306469,9.07062
0x57f6f77da955c8fa89f3cf7973a1fb8054b56204,0x4200000000000000000000000000000000000006,WETH,18,3534414783535863,1,0.003534414783535863
0x58348cb9ff3eedf711df4bb781e72a6a4b6c6ebc,0x078d782b760474a361dda0af3839290b0ef57ad6,USDC,6,0,0.0002232623702972359774296074154306469,0
0x58348cb9ff3eedf711df4bb781e72a6a4b6c6ebc,0x4200000000000000000000000000000000000006,WETH,18,0,1,0
0x58348cb9ff3eedf711df4bb781e72a6a4b6c6ebc,0x8f187aa05619a017077f5308904739877ce9ea21,UNI,18,0,0.002209706369340035458379914791264532,0
0x5945a1d0d3a4936d8f0b6bf2eeeac3e3a076c458,0x078d782b760474a361dda0af3839290b0ef57ad6,USDC,6,2504,0.0002232623702972359774296074154306469,0.002504
0x5945a1d0d3a4936d8f0b6bf2eeeac3e3a076c458,0x4200000000000000000000000000000000000006,WETH,18,0,1,0
0x5956e652e7c9140f6e105adb2e0f3189ae032be5,0x078d782b760474a361dda0af3839290b0ef57ad6,USDC,6,0,0.0002232623702972359774296074154306469,0
0x5956e652e7c9140f6e105adb2e0f3189ae032be5,0x4200000000000000000000000000000000000006,WETH,18,0,1,0
0x5a16fbfca4ed7b414aa93dcb4a13b3ce26f670f0,0x078d782b760474a361dda0af3839290b0ef57ad6,USDC,6,0,0.0002232623702972359774296074154306469,0
0x5a16fbfca4ed7b414aa93dcb4a13b3ce26f670f0,0x4200000000000000000000000000000000000006,WETH,18,0,1,0
0x5a54c5cf04eac273ac04055ece863296113783d3,0x078d782b760474a361dda0af3839290b0ef57ad6,USDC,6,11002,0.0002232623702972359774296074154306469,0.011002
0x5a54c5cf04eac273ac04055ece863296113783d3,0x20cab320a855b39f724131c69424240519573f81,DAI,18,11034943066769558,0.0002239275384258182651926595865209164,0.011034943066769558
0x5a54c5cf04eac273ac04055ece863296113783d3,0x4200000000000000000000000000000000000006,WETH,18,0,1,0
0x5a54c5cf04eac273ac04055ece863296113783d3,0x8f187aa05619a017077f5308904739877ce9ea21,UNI,18,3023794709848066,0.002209706369340035458379914791264532,0.003023794709848066
0x5b3c29a0edf37cbde20beb090f5ca0d769f18f3b,0x078d782b760474a361dda0af3839290b0ef57ad6,USDC,6,0,0.0002232623702972359774296074154306469,0
0x5b3c29a0edf37cbde20beb090f5ca0d769f18f3b,0x4200000000000000000000000000000000000006,WETH,18,0,1,0
0x5c59518e6ace4137c5a17f9588f12ef64a642535,0x078d782b760474a361dda0af3839290b0ef57ad6,USDC,6,0,0.0002232623702972359774296074154306469,0
0x5c59518e6ace4137c5a17f9588f12ef64a642535,0x4200000000000000000000000000000000000006,WETH,18,0,1,0
0x5ce4c6d227f85c8f78601972b320cbde26bede09,0x078d782b760474a361dda0af3839290b0ef57ad6,USDC,6,0,0.0002232623702972359774296074154306469,0
0x5ce4c6d227f85c8f78601972b320cbde26bede09,0x4200000000000000000000000000000000000006,WETH,18,2800665903427631,1,0.002800665903427631
0x5eaa8bdc315608e8cf873cfaba05e42826f68c4d,0x078d782b760474a361dda0af3839290b0ef57ad6,USDC,6,0,0.0002232623702972359774296074154306469,0
0x5eaa8bdc315608e8cf873cfaba05e42826f68c4d,0x4200000000000000000000000000000000000006,WETH,18,8743339747947,1,0.000008743339747947
0x5ebb3ed22ddf9503c62c18575e121c91a78b2c0c,0x078d782b760474a361dda0af3839290b0ef57ad6,USDC,6,25580596,0.0002232623702972359774296074154306469,25.580596
0x5ebb3ed22ddf9503c62c18575e121c91a78b2c0c,0x4200000000000000000000000000000000000006,WETH,18,0,1,0
0x60a7af5862723cfb6747af30dec93dff3b619929,0x078d782b760474a361dda0af3839290b0ef57ad6,USDC,6,117575,0.0002232623702972359774296074154306469,0.117575
0x60a7af5862723cfb6747af30dec93dff3b619929,0x4200000000000000000000000000000000000006,WETH,18,0,1,0
0x615c0f74f448b79b42423b470a3f681b3fab8fb6,0x4200000000000000000000000000000000000006,WETH,18,0,1,0
0x615c0f74f448b79b42423b470a3f681b3fab8fb6,0x8f187aa05619a017077f5308904739877ce9ea21,UNI,18,169907285348400361,0.002209706369340035458379914791264532,0.169907285348400361
0x620fce71d9fa4306c73c10fc522758f27d054844,0x078d782b760474a361dda0af3839290b0ef57ad6,USDC,6,0,0.0002232623702972359774296074154306469,0
0x620fce71d9fa4306c73c10fc522758f27d054844,0x4200000000000000000000000000000000000006,WETH,18,0,1,0
0x62d8045c7bdfd3f9423922c8991290daf07d7ec4,0x078d782b760474a361dda0af3839290b0ef57ad6,USDC,6,0,0.0002232623702972359774296074154306469,0
0x62d8045c7bdfd3f9423922c8991290daf07d7ec4,0x4200000000000000000000000000000000000006,WETH,18,0,1,0
0x63ced6439e6747dd03af042d01da09cc28cc08e9,0x078d782b760474a361dda0af3839290b0ef57ad6,USDC,6,0,0.0002232623702972359774296074154306469,0
0x63ced6439e6747dd03af042d01da09cc28cc08e9,0x4200000000000000000000000000000000000006,WETH,18,0,1,0
0x63e840aba32582baf26735e87cb9680fbfd00151,0x078d782b760474a361dda0af3839290b0ef57ad6,USDC,6,0,0.0002232623702972359774296074154306469,0
0x63e840aba32582baf26735e87cb9680fbfd00151,0x4200000000000000000000000000000000000006,WETH,18,0,1,0
0x647eaf826c6b7171c4ca1efb59c624aaf2553ce1,0x078d782b760474a361dda0af3839290b0ef57ad6,USDC,6,0,0.0002232623702972359774296074154306469,0
0x647eaf826c6b7171c4ca1efb59c624aaf2553ce1,0x4200000000000000000000000000000000000006,WETH,18,0,1,0
0x658197b9b8dcb72cdcaaa3530a6e7363cd5005f1,0x078d782b760474a361dda0af3839290b0ef57ad6,USDC,6,1017,0.0002232623702972359774296074154306469,0.001017
0x658197b9b8dcb72cdcaaa3530a6e7363cd5005f1,0x4200000000000000000000000000000000000006,WETH,18,0,1,0
0x65b7aa1046dfb5a1e65aa4825a36a37f3dd582b0,0x078d782b760474a361dda0af3839290b0ef57ad6,USDC,6,0,0.0002232623702972359774296074154306469,0
0x65b7aa1046dfb5a1e65aa4825a36a37f3dd582b0,0x4200000000000000000000000000000000000006,WETH,18,4011269175035534,1,0.004011269175035534
0x66fa255a1dd333e955d4a397111ca3b2e3f7e6de,0x078d782b760474a361dda0af3839290b0ef57ad6,USDC,6,0,0.0002232623702972359774296074154306469,0
0x66fa255a1dd333e955d4a397111ca3b2e3f7e6de,0x4200000000000000000000000000000000000006,WETH,18,0,1,0
0x677b981b15b2df252778ede75fe707e1a856ed25,0x078d782b760474a361dda0af3839290b0ef57ad6,USDC,6,143089,0.0002232623702972359774296074154306469,0.143089
0x677b981b15b2df252778ede75fe707e1a856ed25,0x4200000000000000000000000000000000000006,WETH,18,40993238817290,1,0.00004099323881729
0x677b981b15b2df252778ede75fe707e1a856ed25,0x8f187aa05619a017077f5308904739877ce9ea21,UNI,18,0,0.002209706369340035458379914791264532,0
0x678f664ab7bdf8bcd04d15e9a15ea3cad57d2fbf,0x078d782b760474a361dda0af3839290b0ef57ad6,USDC,6,24970487,0.0002232623702972359774296074154306469,24.970487
0x678f664ab7bdf8bcd04d15e9a15ea3cad57d2fbf,0x4200000000000000000000000000000000000006,WETH,18,0,1,0
0x6898e70a07a051ba2809a35caeaf7b401a036404,0x078d782b760474a361dda0af3839290b0ef57ad6,USDC,6,0,0.0002232623702972359774296074154306469,0
0x6898e70a07a051ba2809a35caeaf7b401a036404,0x4200000000000000000000000000000000000006,WETH,18,0,1,0
0x6a7da07e387b81f24e47fd016326bb2fa009d2b4,0x078d782b760474a361dda0af3839290b0ef57ad6,USDC,6,21307553,0.0002232623702972359774296074154306469,21.307553
0x6a7da07e387b81f24e47fd016326bb2fa009d2b4,0x4200000000000000000000000000000000000006,WETH,18,0,1,0
0x6ae1e0f8f3b75588506c77ef5426440ecc4fe594,0x078d782b760474a361dda0af3839290b0ef57ad6,USDC,6,0,0.0002232623702972359774296074154306469,0
0x6ae1e0f8f3b75588506c77ef5426440ecc4fe594,0x4200000000000000000000000000000000000006,WETH,18,0,1,0
0x6b2f045a8f2522652bc053f799dbd81a9fdaf162,0x078d782b760474a361dda0af3839290b0ef57ad6,USDC,6,0,0.0002232623702972359774296074154306469,0
0x6b2f045a8f2522652bc053f799dbd81a9fdaf162,0x20cab320a855b39f724131c69424240519573f81,DAI,18,0,0.0002239275384258182651926595865209164,0
0x6b2f045a8f2522652bc053f799dbd81a9fdaf162,0x4200000000000000000000000000000000000006,WETH,18,0,1,0
0x6b2f045a8f2522652bc053f799dbd81a9fdaf162,0x8f187aa05619a017077f5308904739877ce9ea21,UNI,18,0,0.002209706369340035458379914791264532,0
0x6b8be3eb10bb34ca6e9e920fdccd429f5f1034e4,0x078d782b760474a361dda0af3839290b0ef57ad6,USDC,6,0,0.0002232623702972359774296074154306469,0
0x6b8be3eb10bb34ca6e9e920fdccd429f5f1034e4,0x4200000000000000000000000000000000000006,WETH,18,2766025488477607,1,0.002766025488477607
0x6c61c0e6075cca43538c01152a9393a5737c0230,0x078d782b760474a361dda0af3839290b0ef57ad6,USDC,6,954760,0.0002232623702972359774296074154306469,0.95476
0x6c61c0e6075cca43538c01152a9393a5737c0230,0x4200000000000000000000000000000000000006,WETH,18,76030874037351,1,0.000076030874037351
0x6d4ecdd0ff711cd9f477ad59a47ad304aa714f9a,0x078d782b760474a361dda0af3839290b0ef57ad6,USDC,6,1,0.0002232623702972359774296074154306469,0.000001
0x6d4ecdd0ff711cd9f477ad59a47ad304aa714f9a,0x4200000000000000000000000000000000000006,WETH,18,0,1,0
0x6d8cca3e5e6bf056654594a0d0856b23ce02ad12,0x078d782b760474a361dda0af3839290b0ef57ad6,USDC,6,0,0.0002232623702972359774296074154306469,0
0x6d8cca3e5e6bf056654594a0d0856b23ce02ad12,0x4200000000000000000000000000000000000006,WETH,18,0,1,0
0x6e7f290e29cc4ca27e6ccfa10646fa01c5b35ef2,0x078d782b760474a361dda0af3839290b0ef57ad6,USDC,6,0,0.0002232623702972359774296074154306469,0
0x6e7f290e29cc4ca27e6ccfa10646fa01c5b35ef2,0x4200000000000000000000000000000000000006,WETH,18,0,1,0
0x6fa8f39734f6ebff175e98183a12f5f1fb6abd3e,0x078d782b760474a361dda0af3839290b0ef57ad6,USDC,6,0,0.0002232623702972359774296074154306469,0
0x6fa8f39734f6ebff175e98183a12f5f1fb6abd3e,0x4200000000000000000000000000000000000006,WETH,18,109303065244544432,1,0.109303065244544432
0x6fa8f39734f6ebff175e98183a12f5f1fb6abd3e,0x9151434b16b9763660705744891fa906f660ecc5,USD₮0,6,0,0.0002232940457062827833229487878148964,0
0x6fa8f39734f6ebff175e98183a12f5f1fb6abd3e,0x927b51f251480a681271180da4de28d44ec4afb8,WBTC,8,228913,24.96086049255739644297257544746364,0.00228913
0x707acab2506e5f59d428369a8d29973d02cbb767,0x078d782b760474a361dda0af3839290b0ef57ad6,USDC,6,0,0.0002232623702972359774296074154306469,0
0x707acab2506e5f59d428369a8d29973d02cbb767,0x4200000000000000000000000000000000000006,WETH,18,0,1,0
0x70ed50da0456cf1e15249f2d87e579320422e638,0x078d782b760474a361dda0af3839290b0ef57ad6,USDC,6,0,0.0002232623702972359774296074154306469,0
0x70ed50da0456cf1e15249f2d87e579320422e638,0x4200000000000000000000000000000000000006,WETH,18,0,1,0
0x7104e77dcf3872dbe7868ecb321b8f72be92b9a1,0x078d782b760474a361dda0af3839290b0ef57ad6,USDC,6,0,0.0002232623702972359774296074154306469,0
0x7104e77dcf3872dbe7868ecb321b8f72be92b9a1,0x4200000000000000000000000000000000000006,WETH,18,0,1,0
0x71a779ec950b86792bc00889a6607cd51f831eb3,0x078d782b760474a361dda0af3839290b0ef57ad6,USDC,6,1077808,0.0002232623702972359774296074154306469,1.077808
0x71a779ec950b86792bc00889a6607cd51f831eb3,0x4200000000000000000000000000000000000006,WETH,18,1420709256250998,1,0.001420709256250998
0x737050df3cd6912af5309652b8f9fe9859da777e,0x078d782b760474a361dda0af3839290b0ef57ad6,USDC,6,99613,0.0002232623702972359774296074154306469,0.099613
0x737050df3cd6912af5309652b8f9fe9859da777e,0x8f187aa05619a017077f5308904739877ce9ea21,UNI,18,2964142969054566,0.002209706369340035458379914791264532,0.002964142969054566
0x738b1853bb526d62ce15f7962eb692dac9d4ef52,0x078d782b760474a361dda0af3839290b0ef57ad6,USDC,6,25559,0.0002232623702972359774296074154306469,0.025559
0x738b1853bb526d62ce15f7962eb692dac9d4ef52,0x4200000000000000000000000000000000000006,WETH,18,0,1,0
0x73ab4f4e59901ded10175578cf862d361d7367f1,0x078d782b760474a361dda0af3839290b0ef57ad6,USDC,6,0,0.0002232623702972359774296074154306469,0
0x73ab4f4e59901ded10175578cf862d361d7367f1,0x4200000000000000000000000000000000000006,WETH,18,0,1,0
0x742626cbaa066560f38221a7d7c04cc56ecd775e,0x078d782b760474a361dda0af3839290b0ef57ad6,USDC,6,0,0.0002232623702972359774296074154306469,0
0x742626cbaa066560f38221a7d7c04cc56ecd775e,0x4200000000000000000000000000000000000006,WETH,18,0,1,0
0x777d6f46fd95d501b3bfa892cef6cc298dc2310f,0x078d782b760474a361dda0af3839290b0ef57ad6,USDC,6,0,0.0002232623702972359774296074154306469,0
0x777d6f46fd95d501b3bfa892cef6cc298dc2310f,0x4200000000000000000000000000000000000006,WETH,18,105031779196385315,1,0.105031779196385315
0x784f8b525d652a83e4ae85e573c31f17f2dbca0d,0x078d782b760474a361dda0af3839290b0ef57ad6,USDC,6,0,0.0002232623702972359774296074154306469,0
0x784f8b525d652a83e4ae85e573c31f17f2dbca0d,0x4200000000000000000000000000000000000006,WETH,18,0,1,0
0x78fa72bf195740f991f26c07df1b1afc612f2be2,0x078d782b760474a361dda0af3839290b0ef57ad6,USDC,6,0,0.0002232623702972359774296074154306469,0
0x78fa72bf195740f991f26c07df1b1afc612f2be2,0x4200000000000000000000000000000000000006,WETH,18,100294586986004447,1,0.100294586986004447
0x795b82482801fa3636c9c2921c700bf97679a0cd,0x078d782b760474a361dda0af3839290b0ef57ad6,USDC,6,0,0.0002232623702972359774296074154306469,0
0x795b82482801fa3636c9c2921c700bf97679a0cd,0x4200000000000000000000000000000000000006,WETH,18,0,1,0
0x79781344bb2e266b7f46620ba73c7d078e0cc510,0x078d782b760474a361dda0af3839290b0ef57ad6,USDC,6,10002,0.0002232623702972359774296074154306469,0.010002
0x79781344bb2e266b7f46620ba73c7d078e0cc510,0x8f187aa05619a017077f5308904739877ce9ea21,UNI,18,0,0.002209706369340035458379914791264532,0
0x79d7fa096f2f3273b4cfee7223f677ee874aa154,0x078d782b760474a361dda0af3839290b0ef57ad6,USDC,6,22048566,0.0002232623702972359774296074154306469,22.048566
0x79d7fa096f2f3273b4cfee7223f677ee874aa154,0x4200000000000000000000000000000000000006,WETH,18,0,1,0
0x7ab2278581d6fddcef8ae1992270f93f98a03605,0x078d782b760474a361dda0af3839290b0ef57ad6,USDC,6,71212,0.0002232623702972359774296074154306469,0.071212
0x7ab2278581d6fddcef8ae1992270f93f98a03605,0x20cab320a855b39f724131c69424240519573f81,DAI,18,10041945492575743,0.0002239275384258182651926595865209164,0.010041945492575743
0x7ab2278581d6fddcef8ae1992270f93f98a03605,0x4200000000000000000000000000000000000006,WETH,18,20028835278091,1,0.000020028835278091
0x7b62eb51bcaf48724dd03876fd6461366013444f,0x078d782b760474a361dda0af3839290b0ef57ad6,USDC,6,204479,0.0002232623702972359774296074154306469,0.204479
0x7b62eb51bcaf48724dd03876fd6461366013444f,0x4200000000000000000000000000000000000006,WETH,18,0,1,0
0x7b6300131a4f4002545ff420ba5100d4a8779223,0x078d782b760474a361dda0af3839290b0ef57ad6,USDC,6,3693146,0.0002232623702972359774296074154306469,3.693146
0x7b6300131a4f4002545ff420ba5100d4a8779223,0x4200000000000000000000000000000000000006,WETH,18,1304754579412509,1,0.001304754579412509
0x7c51550e1b9e05ba53eee82422cb59a95b69029d,0x078d782b760474a361dda0af3839290b0ef57ad6,USDC,6,10,0.0002232623702972359774296074154306469,0.00001
0x7c51550e1b9e05ba53eee82422cb59a95b69029d,0x4200000000000000000000000000000000000006,WETH,18,0,1,0
0x7d9335e2c1c79de419c055080858cc7ffb351818,0x078d782b760474a361dda0af3839290b0ef57ad6,USDC,6,27454740,0.0002232623702972359774296074154306469,27.45474
0x7d9335e2c1c79de419c055080858cc7ffb351818,0x4200000000000000000000000000000000000006,WETH,18,0,1,0
0x7d9f98b92fe64a579efc19c7ef23f39687fef2b3,0x078d782b760474a361dda0af3839290b0ef57ad6,USDC,6,0,0.0002232623702972359774296074154306469,0
0x7d9f98b92fe64a579efc19c7ef23f39687fef2b3,0x4200000000000000000000000000000000000006,WETH,18,0,1,0
0x811e34663d979f157686f53057e7e18309f82eb0,0x078d782b760474a361dda0af3839290b0ef57ad6,USDC,6,0,0.0002232623702972359774296074154306469,0
0x811e34663d979f157686f53057e7e18309f82eb0,0x4200000000000000000000000000000000000006,WETH,18,0,1,0
0x81b1aa744628eb26a882a41a5c3db7e1aed5fd52,0x078d782b760474a361dda0af3839290b0ef57ad6,USDC,6,10042948,0.0002232623702972359774296074154306469,10.042948
0x81b1aa744628eb26a882a41a5c3db7e1aed5fd52,0x4200000000000000000000000000000000000006,WETH,18,0,1,0
0x81d22c8c308b6077932c14ad8b69b8db98fce671,0x078d782b760474a361dda0af3839290b0ef57ad6,USDC,6,0,0.0002232623702972359774296074154306469,0
0x81d22c8c308b6077932c14ad8b69b8db98fce671,0x4200000000000000000000000000000000000006,WETH,18,0,1,0
0x8296fab023a4a024222f31f0f71e05fbebf1750c,0x078d782b760474a361dda0af3839290b0ef57ad6,USDC,6,60928429,0.0002232623702972359774296074154306469,60.928429
0x8296fab023a4a024222f31f0f71e05fbebf1750c,0x4200000000000000000000000000000000000006,WETH,18,19071390637072730,1,0.01907139063707273
0x84f5ce1dde1cb39faecf5e7d5e6bcb2e23535344,0x078d782b760474a361dda0af3839290b0ef57ad6,USDC,6,0,0.0002232623702972359774296074154306469,0
0x84f5ce1dde1cb39faecf5e7d5e6bcb2e23535344,0x4200000000000000000000000000000000000006,WETH,18,0,1,0
0x85cf3ab665132854cbc796095c16820440014cdb,0x078d782b760474a361dda0af3839290b0ef57ad6,USDC,6,20206,0.0002232623702972359774296074154306469,0.020206
0x85cf3ab665132854cbc796095c16820440014cdb,0x20cab320a855b39f724131c69424240519573f81,DAI,18,17046554108009918,0.0002239275384258182651926595865209164,0.017046554108009918
0x85cf3ab665132854cbc796095c16820440014cdb,0x4200000000000000000000000000000000000006,WETH,18,29984109451170,1,0.00002998410945117
0x85cf3ab665132854cbc796095c16820440014cdb,0x8f187aa05619a017077f5308904739877ce9ea21,UNI,18,1713398374218819,0.002209706369340035458379914791264532,0.001713398374218819
0x861a2b7d36f21b8873adae86aeb5a02c03f6c022,0x078d782b760474a361dda0af3839290b0ef57ad6,USDC,6,1,0.0002232623702972359774296074154306469,0.000001
0x861a2b7d36f21b8873adae86aeb5a02c03f6c022,0x4200000000000000000000000000000000000006,WETH,18,0,1,0
0x86d94a6dc215991127c36f9420f30c44b5d8cbad,0x078d782b760474a361dda0af3839290b0ef57ad6,USDC,6,0,0.0002232623702972359774296074154306469,0
0x86d94a6dc215991127c36f9420f30c44b5d8cbad,0x4200000000000000000000000000000000000006,WETH,18,1428278421879927,1,0.001428278421879927
0x86f66e900d604e8d8efc071b6181d6b98da0b03b,0x078d782b760474a361dda0af3839290b0ef57ad6,USDC,6,33752012,0.0002232623702972359774296074154306469,33.752012
0x86f66e900d604e8d8efc071b6181d6b98da0b03b,0x4200000000000000000000000000000000000006,WETH,18,0,1,0
0x88704ff8393c2c188e908e8047603191f7d7cbf3,0x078d782b760474a361dda0af3839290b0ef57ad6,USDC,6,0,0.0002232623702972359774296074154306469,0
0x88704ff8393c2c188e908e8047603191f7d7cbf3,0x4200000000000000000000000000000000000006,WETH,18,0,1,0
0x88c874c023007b04023f1a818e090fbcd7c9fed9,0x078d782b760474a361dda0af3839290b0ef57ad6,USDC,6,113849,0.0002232623702972359774296074154306469,0.113849
0x88c874c023007b04023f1a818e090fbcd7c9fed9,0x8f187aa05619a017077f5308904739877ce9ea21,UNI,18,1041959455684640,0.002209706369340035458379914791264532,0.00104195945568464
0x88e9ed16041094d738224205d920c6eee8a8d721,0x078d782b760474a361dda0af3839290b0ef57ad6,USDC,6,11243,0.0002232623702972359774296074154306469,0.011243
0x88e9ed16041094d738224205d920c6eee8a8d721,0x4200000000000000000000000000000000000006,WETH,18,0,1,0
0x89e40eb29fe2a26090ea322a3d411bc453963573,0x078d782b760474a361dda0af3839290b0ef57ad6,USDC,6,204479,0.0002232623702972359774296074154306469,0.204479
0x89e40eb29fe2a26090ea322a3d411bc453963573,0x4200000000000000000000000000000000000006,WETH,18,100793505573405,1,0.000100793505573405
0x8aaab6e7cc693cf9f1fba1ca1afb46cd9b56ad55,0x078d782b760474a361dda0af3839290b0ef57ad6,USDC,6,184290,0.0002232623702972359774296074154306469,0.18429
0x8aaab6e7cc693cf9f1fba1ca1afb46cd9b56ad55,0x4200000000000000000000000000000000000006,WETH,18,99925405281750,1,0.00009992540528175
0x8b9a6a23918d6c91cde4b626fb62223c4b12b53c,0x078d782b760474a361dda0af3839290b0ef57ad6,USDC,6,0,0.0002232623702972359774296074154306469,0
0x8b9a6a23918d6c91cde4b626fb62223c4b12b53c,0x4200000000000000000000000000000000000006,WETH,18,1089092641829928,1,0.001089092641829928
0x8bd0f2d28e3112d5d4c61c9eda2431636629be6f,0x078d782b760474a361dda0af3839290b0ef57ad6,USDC,6,0,0.0002232623702972359774296074154306469,0
0x8bd0f2d28e3112d5d4c61c9eda2431636629be6f,0x4200000000000000000000000000000000000006,WETH,18,930704912328926,1,0.000930704912328926
0x8d90a4fe233c2e5f59ee8180ac497a6c1749d0f7,0x078d782b760474a361dda0af3839290b0ef57ad6,USDC,6,973571,0.0002232623702972359774296074154306469,0.973571
0x8d90a4fe233c2e5f59ee8180ac497a6c1749d0f7,0x4200000000000000000000000000000000000006,WETH,18,118988680250021928,1,0.118988680250021928
0x8e0339cd54e5736017f59101ae644a8059046c89,0x078d782b760474a361dda0af3839290b0ef57ad6,USDC,6,101282,0.0002232623702972359774296074154306469,0.101282
0x8e0339cd54e5736017f59101ae644a8059046c89,0x4200000000000000000000000000000000000006,WETH,18,0,1,0
0x8e2874d6470a73120c881216ed67bdf7785f3b9c,0x078d782b760474a361dda0af3839290b0ef57ad6,USDC,6,0,0.0002232623702972359774296074154306469,0
0x8e2874d6470a73120c881216ed67bdf7785f3b9c,0x4200000000000000000000000000000000000006,WETH,18,0,1,0
0x8e85bd1ce488831846120c385dbefc730cc2d69e,0x078d782b760474a361dda0af3839290b0ef57ad6,USDC,6,0,0.0002232623702972359774296074154306469,0
0x8e85bd1ce488831846120c385dbefc730cc2d69e,0x4200000000000000000000000000000000000006,WETH,18,0,1,0
0x8eed67ad5ce273cb9933a469c69c87ef606d7b08,0x078d782b760474a361dda0af3839290b0ef57ad6,USDC,6,10182212,0.0002232623702972359774296074154306469,10.182212
0x8eed67ad5ce273cb9933a469c69c87ef606d7b08,0x4200000000000000000000000000000000000006,WETH,18,0,1,0
0x8f263a3d2b01789c2d50cf93ce063a19e5288cc6,0x078d782b760474a361dda0af3839290b0ef57ad6,USDC,6,0,0.0002232623702972359774296074154306469,0
0x8f263a3d2b01789c2d50cf93ce063a19e5288cc6,0x4200000000000000000000000000000000000006,WETH,18,0,1,0
0x8fd36c8762df3434f690d8867693c74cdf94c06c,0x078d782b760474a361dda0af3839290b0ef57ad6,USDC,6,0,0.0002232623702972359774296074154306469,0
0x8fd36c8762df3434f690d8867693c74cdf94c06c,0x4200000000000000000000000000000000000006,WETH,18,100793499435861,1,0.000100793499435861
0x92859e98829e4c26d8fb4b082968318ef818dd3c,0x078d782b760474a361dda0af3839290b0ef57ad6,USDC,6,5258504,0.0002232623702972359774296074154306469,5.258504
0x92859e98829e4c26d8fb4b082968318ef818dd3c,0x4200000000000000000000000000000000000006,WETH,18,0,1,0
0x931867863be460131f305ebce2feee83b839d5d4,0x078d782b760474a361dda0af3839290b0ef57ad6,USDC,6,0,0.0002232623702972359774296074154306469,0
0x931867863be460131f305ebce2feee83b839d5d4,0x4200000000000000000000000000000000000006,WETH,18,0,1,0
0x936b5afd222d63f01302348b7c4e61aa19ecb732,0x078d782b760474a361dda0af3839290b0ef57ad6,USDC,6,1,0.0002232623702972359774296074154306469,0.000001
0x936b5afd222d63f01302348b7c4e61aa19ecb732,0x4200000000000000000000000000000000000006,WETH,18,0,1,0
0x938728abc0bd173b8a4f07813810e224a5c3c166,0x078d782b760474a361dda0af3839290b0ef57ad6,USDC,6,3935143,0.0002232623702972359774296074154306469,3.935143
0x938728abc0bd173b8a4f07813810e224a5c3c166,0x4200000000000000000000000000000000000006,WETH,18,13012139155106836,1,0.013012139155106836
0x969f0221c3058e2fd2ca1e5f41b2d8f5aefc40df,0x078d782b760474a361dda0af3839290b0ef57ad6,USDC,6,24864641,0.0002232623702972359774296074154306469,24.864641
0x969f0221c3058e2fd2ca1e5f41b2d8f5aefc40df,0x4200000000000000000000000000000000000006,WETH,18,0,1,0
0x96ad6629f4b24c0fb9b778077ef4864b19d71b29,0x078d782b760474a361dda0af3839290b0ef57ad6,USDC,6,19093,0.0002232623702972359774296074154306469,0.019093
0x96ad6629f4b24c0fb9b778077ef4864b19d71b29,0x4200000000000000000000000000000000000006,WETH,18,20889919634537,1,0.000020889919634537
0x96ad6629f4b24c0fb9b778077ef4864b19d71b29,0x8f187aa05619a017077f5308904739877ce9ea21,UNI,18,4217587431097368,0.002209706369340035458379914791264532,0.004217587431097368
0x96ece6a28e6328119f27cb15539dc5df332aaa51,0x078d782b760474a361dda0af3839290b0ef57ad6,USDC,6,65490278,0.0002232623702972359774296074154306469,65.490278
0x96ece6a28e6328119f27cb15539dc5df332aaa51,0x4200000000000000000000000000000000000006,WETH,18,5372088068135497,1,0.005372088068135497
0x97b3b53cae94b1a6a802ef2495399659e501b9cc,0x078d782b760474a361dda0af3839290b0ef57ad6,USDC,6,0,0.0002232623702972359774296074154306469,0
0x97b3b53cae94b1a6a802ef2495399659e501b9cc,0x4200000000000000000000000000000000000006,WETH,18,0,1,0
0x98b69d0b81fb1966ebe0af76789425706e5afe7b,0x078d782b760474a361dda0af3839290b0ef57ad6,USDC,6,0,0.0002232623702972359774296074154306469,0
0x98b69d0b81fb1966ebe0af76789425706e5afe7b,0x4200000000000000000000000000000000000006,WETH,18,0,1,0
0x98d2817d28526a0cd10b274b657f75c3fc043260,0x078d782b760474a361dda0af3839290b0ef57ad6,USDC,6,0,0.0002232623702972359774296074154306469,0
0x98d2817d28526a0cd10b274b657f75c3fc043260,0x4200000000000000000000000000000000000006,WETH,18,0,1,0
0x998069e2bea85d659c5d39e24a2294a02a2de229,0x078d782b760474a361dda0af3839290b0ef57ad6,USDC,6,12003,0.0002232623702972359774296074154306469,0.012003
0x998069e2bea85d659c5d39e24a2294a02a2de229,0x20cab320a855b39f724131c69424240519573f81,DAI,18,25097077932826289,0.0002239275384258182651926595865209164,0.025097077932826289
0x998069e2bea85d659c5d39e24a2294a02a2de229,0x4200000000000000000000000000000000000006,WETH,18,0,1,0
0x998069e2bea85d659c5d39e24a2294a02a2de229,0x8f187aa05619a017077f5308904739877ce9ea21,UNI,18,0,0.002209706369340035458379914791264532,0
0x9abb088d50b2b5ffd8557395bdc783ad7da623b0,0x078d782b760474a361dda0af3839290b0ef57ad6,USDC,6,0,0.0002232623702972359774296074154306469,0
0x9abb088d50b2b5ffd8557395bdc783ad7da623b0,0x4200000000000000000000000000000000000006,WETH,18,0,1,0
0x9c5c8d5dfe60dfe8382a2fc750c2a6ca44c4c469,0x078d782b760474a361dda0af3839290b0ef57ad6,USDC,6,1096954,0.0002232623702972359774296074154306469,1.096954
0x9c5c8d5dfe60dfe8382a2fc750c2a6ca44c4c469,0x4200000000000000000000000000000000000006,WETH,18,532914717656545,1,0.000532914717656545
0x9c9b84ad71815fa7e827b96ee48e36aeebcc8a07,0x078d782b760474a361dda0af3839290b0ef57ad6,USDC,6,204479,0.0002232623702972359774296074154306469,0.204479
0x9c9b84ad71815fa7e827b96ee48e36aeebcc8a07,0x4200000000000000000000000000000000000006,WETH,18,40317397196657,1,0.000040317397196657
0x9d07e3406d3e7ec5e19b6804f6f821f684c9339c,0x078d782b760474a361dda0af3839290b0ef57ad6,USDC,6,2261133051,0.0002232623702972359774296074154306469,2261.133051
0x9d07e3406d3e7ec5e19b6804f6f821f684c9339c,0x4200000000000000000000000000000000000006,WETH,18,124541000235528800,1,0.1245410002355288
0x9d4063b4c4909341ff689a3b2401f59180e561df,0x078d782b760474a361dda0af3839290b0ef57ad6,USDC,6,5004563,0.0002232623702972359774296074154306469,5.004563
0x9d4063b4c4909341ff689a3b2401f59180e561df,0x4200000000000000000000000000000000000006,WETH,18,0,1,0
0x9dde803ee3911624baf835768588e677b4a374fe,0x078d782b760474a361dda0af3839290b0ef57ad6,USDC,6,0,0.0002232623702972359774296074154306469,0
0x9dde803ee3911624baf835768588e677b4a374fe,0x4200000000000000000000000000000000000006,WETH,18,0,1,0
0x9ecf6ae3e950185214a733d83b30d17b068604ef,0x078d782b760474a361dda0af3839290b0ef57ad6,USDC,6,1477261,0.0002232623702972359774296074154306469,1.477261
0x9ecf6ae3e950185214a733d83b30d17b068604ef,0x4200000000000000000000000000000000000006,WETH,18,576578013177074,1,0.000576578013177074
0x9ed0dc275b3a19c072d9e39fe38f3726354b9d54,0x078d782b760474a361dda0af3839290b0ef57ad6,USDC,6,0,0.0002232623702972359774296074154306469,0
0x9ed0dc275b3a19c072d9e39fe38f3726354b9d54,0x4200000000000000000000000000000000000006,WETH,18,0,1,0
0x9f9f211b1f08455d7607a2b339d031059cad264a,0x078d782b760474a361dda0af3839290b0ef57ad6,USDC,6,0,0.0002232623702972359774296074154306469,0
0x9f9f211b1f08455d7607a2b339d031059cad264a,0x4200000000000000000000000000000000000006,WETH,18,0,1,0
0xa0063d8199481492cae664ea562530975afb97e1,0x078d782b760474a361dda0af3839290b0ef57ad6,USDC,6,2592042,0.0002232623702972359774296074154306469,2.592042
0xa0063d8199481492cae664ea562530975afb97e1,0x4200000000000000000000000000000000000006,WETH,18,0,1,0
0xa0282114514e6e7fa900af95d375ef0449413c5f,0x078d782b760474a361dda0af3839290b0ef57ad6,USDC,6,0,0.0002232623702972359774296074154306469,0
0xa0282114514e6e7fa900af95d375ef0449413c5f,0x4200000000000000000000000000000000000006,WETH,18,0,1,0
0xa14e267ca5bd664b1cdc47547c6e17227993356f,0x078d782b760474a361dda0af3839290b0ef57ad6,USDC,6,10024839,0.0002232623702972359774296074154306469,10.024839
0xa14e267ca5bd664b1cdc47547c6e17227993356f,0x4200000000000000000000000000000000000006,WETH,18,0,1,0
0xa1dfed3259d9c7492f26ee87bfcfa0eb833eebf4,0x078d782b760474a361dda0af3839290b0ef57ad6,USDC,6,24613917,0.0002232623702972359774296074154306469,24.613917
0xa1dfed3259d9c7492f26ee87bfcfa0eb833eebf4,0x4200000000000000000000000000000000000006,WETH,18,0,1,0
0xa2338929902cb6d5eb688eff8f09e3a916c87f12,0x078d782b760474a361dda0af3839290b0ef57ad6,USDC,6,10323,0.0002232623702972359774296074154306469,0.010323
0xa2338929902cb6d5eb688eff8f09e3a916c87f12,0x4200000000000000000000000000000000000006,WETH,18,0,1,0
0xa2993963899d0b300ce10ce10fc700ee9f756e69,0x078d782b760474a361dda0af3839290b0ef57ad6,USDC,6,62059026,0.0002232623702972359774296074154306469,62.059026
0xa2993963899d0b300ce10ce10fc700ee9f756e69,0x4200000000000000000000000000000000000006,WETH,18,17981828181580236,1,0.017981828181580236
0xa2c931f64a395a451dc1382e24aeacc2383483b2,0x078d782b760474a361dda0af3839290b0ef57ad6,USDC,6,0,0.0002232623702972359774296074154306469,0
0xa2c931f64a395a451dc1382e24aeacc2383483b2,0x4200000000000000000000000000000000000006,WETH,18,0,1,0
0xa315cbb4815d6dccec9fe0c0798e6f1eac9cb20f,0x078d782b760474a361dda0af3839290b0ef57ad6,USDC,6,0,0.0002232623702972359774296074154306469,0
0xa315cbb4815d6dccec9fe0c0798e6f1eac9cb20f,0x4200000000000000000000000000000000000006,WETH,18,0,1,0
0xa362ddf93ef4a2a8c4ba5db70e1e46015ce979aa,0x078d782b760474a361dda0af3839290b0ef57ad6,USDC,6,21745995,0.0002232623702972359774296074154306469,21.745995
0xa362ddf93ef4a2a8c4ba5db70e1e46015ce979aa,0x4200000000000000000000000000000000000006,WETH,18,0,1,0
0xa40f2c85f814827d9bc01d6e2e6328832991076e,0x078d782b760474a361dda0af3839290b0ef57ad6,USDC,6,0,0.0002232623702972359774296074154306469,0
0xa40f2c85f814827d9bc01d6e2e6328832991076e,0x4200000000000000000000000000000000000006,WETH,18,109744209030043098,1,0.109744209030043098
0xa40f2c85f814827d9bc01d6e2e6328832991076e,0x9151434b16b9763660705744891fa906f660ecc5,USD₮0,6,0,0.0002232940457062827833229487878148964,0
0xa40f2c85f814827d9bc01d6e2e6328832991076e,0x927b51f251480a681271180da4de28d44ec4afb8,WBTC,8,230898,24.96086049255739644297257544746364,0.00230898
0xa904a0f8b4f0292785ad610dae1084a916142a77,0x078d782b760474a361dda0af3839290b0ef57ad6,USDC,6,0,0.0002232623702972359774296074154306469,0
0xa904a0f8b4f0292785ad610dae1084a916142a77,0x4200000000000000000000000000000000000006,WETH,18,0,1,0
0xa96346f29ea40297a0d38617bdba5027d695897d,0x078d782b760474a361dda0af3839290b0ef57ad6,USDC,6,0,0.0002232623702972359774296074154306469,0
0xa96346f29ea40297a0d38617bdba5027d695897d,0x4200000000000000000000000000000000000006,WETH,18,99802763875544,1,0.000099802763875544
0xaaabb949f7cd94d57b53c96105ea398fde84f827,0x078d782b760474a361dda0af3839290b0ef57ad6,USDC,6,0,0.0002232623702972359774296074154306469,0
0xaaabb949f7cd94d57b53c96105ea398fde84f827,0x4200000000000000000000000000000000000006,WETH,18,0,1,0
0xaafa21ed47f390ca6f1de7b947efe28083912306,0x078d782b760474a361dda0af3839290b0ef57ad6,USDC,6,0,0.0002232623702972359774296074154306469,0
0xaafa21ed47f390ca6f1de7b947efe28083912306,0x4200000000000000000000000000000000000006,WETH,18,0,1,0
0xab99c1dd71d49439994263ea75e50fd13aea9e6c,0x078d782b760474a361dda0af3839290b0ef57ad6,USDC,6,0,0.0002232623702972359774296074154306469,0
0xab99c1dd71d49439994263ea75e50fd13aea9e6c,0x4200000000000000000000000000000000000006,WETH,18,0,1,0
0xabe20e2fb4e550aaa7ffd94ebebdf5daf657aedc,0x078d782b760474a361dda0af3839290b0ef57ad6,USDC,6,0,0.0002232623702972359774296074154306469,0
0xabe20e2fb4e550aaa7ffd94ebebdf5daf657aedc,0x4200000000000000000000000000000000000006,WETH,18,109245568104481284,1,0.109245568104481284
0xabe20e2fb4e550aaa7ffd94ebebdf5daf657aedc,0x9151434b16b9763660705744891fa906f660ecc5,USD₮0,6,0,0.0002232940457062827833229487878148964,0
0xabe20e2fb4e550aaa7ffd94ebebdf5daf657aedc,0x927b51f251480a681271180da4de28d44ec4afb8,WBTC,8,229733,24.96086049255739644297257544746364,0.00229733
0xadc60ef4a4eeffacddce0cba070af4a30ed9b849,0x078d782b760474a361dda0af3839290b0ef57ad6,USDC,6,0,0.0002232623702972359774296074154306469,0
0xadc60ef4a4eeffacddce0cba070af4a30ed9b849,0x4200000000000000000000000000000000000006,WETH,18,0,1,0
0xadff3e836eb501b1943ab74e3fa612782d2ad49c,0x078d782b760474a361dda0af3839290b0ef57ad6,USDC,6,0,0.0002232623702972359774296074154306469,0
0xadff3e836eb501b1943ab74e3fa612782d2ad49c,0x4200000000000000000000000000000000000006,WETH,18,0,1,0
0xaeaa59f7ff11c931acddcd73f7c0bbf3120370d1,0x078d782b760474a361dda0af3839290b0ef57ad6,USDC,6,0,0.0002232623702972359774296074154306469,0
0xaeaa59f7ff11c931acddcd73f7c0bbf3120370d1,0x4200000000000000000000000000000000000006,WETH,18,100028953419487111,1,0.100028953419487111
0xafaed87932b7bbc5252a438f6c27705a18db0fb7,0x078d782b760474a361dda0af3839290b0ef57ad6,USDC,6,0,0.0002232623702972359774296074154306469,0
0xafaed87932b7bbc5252a438f6c27705a18db0fb7,0x4200000000000000000000000000000000000006,WETH,18,0,1,0
0xafaed87932b7bbc5252a438f6c27705a18db0fb7,0x8f187aa05619a017077f5308904739877ce9ea21,UNI,18,0,0.002209706369340035458379914791264532,0
0xafe8b992ab7da1ab71ba71774e0b25e140da4526,0x078d782b760474a361dda0af3839290b0ef57ad6,USDC,6,0,0.0002232623702972359774296074154306469,0
0xafe8b992ab7da1ab71ba71774e0b25e140da4526,0x4200000000000000000000000000000000000006,WETH,18,6022811161443782,1,0.006022811161443782
0xb045246d7ea7a033a987c55c2e9241fb0937161b,0x078d782b760474a361dda0af3839290b0ef57ad6,USDC,6,52767517,0.0002232623702972359774296074154306469,52.767517
0xb045246d7ea7a033a987c55c2e9241fb0937161b,0x4200000000000000000000000000000000000006,WETH,18,17231105783332077,1,0.017231105783332077
0xb15617cc71ece317e24360fc3b5643c6f5f51733,0x078d782b760474a361dda0af3839290b0ef57ad6,USDC,6,0,0.0002232623702972359774296074154306469,0
0xb15617cc71ece317e24360fc3b5643c6f5f51733,0x4200000000000000000000000000000000000006,WETH,18,0,1,0
0xb1d4ab18e59f52e452b8b6d060d47df275180350,0x078d782b760474a361dda0af3839290b0ef57ad6,USDC,6,727146,0.0002232623702972359774296074154306469,0.727146
0xb1d4ab18e59f52e452b8b6d060d47df275180350,0x4200000000000000000000000000000000000006,WETH,18,199795504991447,1,0.000199795504991447
0xb1ff70758bd9003c19de8d542100614f9992b8d2,0x078d782b760474a361dda0af3839290b0ef57ad6,USDC,6,94497829,0.0002232623702972359774296074154306469,94.497829
0xb1ff70758bd9003c19de8d542100614f9992b8d2,0x4200000000000000000000000000000000000006,WETH,18,8509775630135427,1,0.008509775630135427
0xb212e85c263094dcc95fc98f646471440f0fa931,0x078d782b760474a361dda0af3839290b0ef57ad6,USDC,6,0,0.0002232623702972359774296074154306469,0
0xb212e85c263094dcc95fc98f646471440f0fa931,0x4200000000000000000000000000000000000006,WETH,18,0,1,0
0xb2a5741a365c710267ec91a7da7eabedee1ac552,0x078d782b760474a361dda0af3839290b0ef57ad6,USDC,6,232990,0.0002232623702972359774296074154306469,0.23299
0xb2a5741a365c710267ec91a7da7eabedee1ac552,0x4200000000000000000000000000000000000006,WETH,18,279745940702996,1,0.000279745940702996
0xb35494a841c86a3c3fbcfe86ed4afb70cfe5eed8,0x078d782b760474a361dda0af3839290b0ef57ad6,USDC,6,0,0.0002232623702972359774296074154306469,0
0xb35494a841c86a3c3fbcfe86ed4afb70cfe5eed8,0x4200000000000000000000000000000000000006,WETH,18,0,1,0
0xb4709e68e9860f4c8d4cea6d73160a97dd0c7eab,0x078d782b760474a361dda0af3839290b0ef57ad6,USDC,6,10034,0.0002232623702972359774296074154306469,0.010034
0xb4709e68e9860f4c8d4cea6d73160a97dd0c7eab,0x20cab320a855b39f724131c69424240519573f81,DAI,18,13032524917475783,0.0002239275384258182651926595865209164,0.013032524917475783
0xb4709e68e9860f4c8d4cea6d73160a97dd0c7eab,0x4200000000000000000000000000000000000006,WETH,18,18043882003901,1,0.000018043882003901
0xb4709e68e9860f4c8d4cea6d73160a97dd0c7eab,0x8f187aa05619a017077f5308904739877ce9ea21,UNI,18,6996305067741304,0.002209706369340035458379914791264532,0.006996305067741304
0xb505fa30269f743e5992f9300617d7370bc0a98a,0x078d782b760474a361dda0af3839290b0ef57ad6,USDC,6,493481,0.0002232623702972359774296074154306469,0.493481
0xb505fa30269f743e5992f9300617d7370bc0a98a,0x4200000000000000000000000000000000000006,WETH,18,199792089876534,1,0.000199792089876534
0xb5144535b2cf0b628eb39d0da8fe1c6aba5ddfd0,0x078d782b760474a361dda0af3839290b0ef57ad6,USDC,6,25640876,0.0002232623702972359774296074154306469,25.640876
0xb5144535b2cf0b628eb39d0da8fe1c6aba5ddfd0,0x4200000000000000000000000000000000000006,WETH,18,0,1,0
0xb90576ecf8a2a6aae3286362c9e96acd42cca495,0x078d782b760474a361dda0af3839290b0ef57ad6,USDC,6,0,0.0002232623702972359774296074154306469,0
0xb90576ecf8a2a6aae3286362c9e96acd42cca495,0x4200000000000000000000000000000000000006,WETH,18,0,1,0
0xb90576ecf8a2a6aae3286362c9e96acd42cca495,0x8f187aa05619a017077f5308904739877ce9ea21,UNI,18,0,0.002209706369340035458379914791264532,0
0xb9df00e68cafd8ab96a25185ce181118356d285b,0x078d782b760474a361dda0af3839290b0ef57ad6,USDC,6,2783539,0.0002232623702972359774296074154306469,2.783539
0xb9df00e68cafd8ab96a25185ce181118356d285b,0x4200000000000000000000000000000000000006,WETH,18,500632963725607,1,0.000500632963725607
0xba9fd438145209a6149a1d79bd3ddc370d0548a4,0x078d782b760474a361dda0af3839290b0ef57ad6,USDC,6,0,0.0002232623702972359774296074154306469,0
0xba9fd438145209a6149a1d79bd3ddc370d0548a4,0x4200000000000000000000000000000000000006,WETH,18,0,1,0
0xbb68c840f5d7f67b10f176d066547448bbc99963,0x078d782b760474a361dda0af3839290b0ef57ad6,USDC,6,0,0.0002232623702972359774296074154306469,0
0xbb68c840f5d7f67b10f176d066547448bbc99963,0x4200000000000000000000000000000000000006,WETH,18,0,1,0
0xbc19fbec4db2d761bf6a7e5b6b4ca396706417b5,0x078d782b760474a361dda0af3839290b0ef57ad6,USDC,6,13932679,0.0002232623702972359774296074154306469,13.932679
0xbc19fbec4db2d761bf6a7e5b6b4ca396706417b5,0x4200000000000000000000000000000000000006,WETH,18,0,1,0
0xbd36517b9942026aea92388839e468a9c6e6b646,0x078d782b760474a361dda0af3839290b0ef57ad6,USDC,6,25636823,0.0002232623702972359774296074154306469,25.636823
0xbd36517b9942026aea92388839e468a9c6e6b646,0x4200000000000000000000000000000000000006,WETH,18,0,1,0
0xbf3f59c7cc8e0d49530712e3ab686d61c0096f2d,0x078d782b760474a361dda0af3839290b0ef57ad6,USDC,6,0,0.0002232623702972359774296074154306469,0
0xbf3f59c7cc8e0d49530712e3ab686d61c0096f2d,0x4200000000000000000000000000000000000006,WETH,18,0,1,0
0xbfb45234818e659031de29d6037e286d64274aa7,0x078d782b760474a361dda0af3839290b0ef57ad6,USDC,6,146720,0.0002232623702972359774296074154306469,0.14672
0xbfb45234818e659031de29d6037e286d64274aa7,0x8f187aa05619a017077f5308904739877ce9ea21,UNI,18,12960783174931764,0.002209706369340035458379914791264532,0.012960783174931764
0xc164111d12ded6a9dd5d6c532727bd5c10cd89dd,0x078d782b760474a361dda0af3839290b0ef57ad6,USDC,6,100428053,0.0002232623702972359774296074154306469,100.428053
0xc164111d12ded6a9dd5d6c532727bd5c10cd89dd,0x4200000000000000000000000000000000000006,WETH,18,0,1,0
0xc2b594d5e9a928eba72b0e997c2eae8144719b13,0x078d782b760474a361dda0af3839290b0ef57ad6,USDC,6,165416,0.0002232623702972359774296074154306469,0.165416
0xc2b594d5e9a928eba72b0e997c2eae8144719b13,0x4200000000000000000000000000000000000006,WETH,18,36668165930814,1,0.000036668165930814
0xc654f41408067056008259fa410cae41aaacee9c,0x078d782b760474a361dda0af3839290b0ef57ad6,USDC,6,10223,0.0002232623702972359774296074154306469,0.010223
0xc654f41408067056008259fa410cae41aaacee9c,0x4200000000000000000000000000000000000006,WETH,18,0,1,0
0xc708a7b0ffe74297cbcddab083950354868cbc9a,0x078d782b760474a361dda0af3839290b0ef57ad6,USDC,6,0,0.0002232623702972359774296074154306469,0
0xc708a7b0ffe74297cbcddab083950354868cbc9a,0x4200000000000000000000000000000000000006,WETH,18,0,1,0
0xc9a6cd0624518b678e493c9d2fa6d71c84d5bb2b,0x078d782b760474a361dda0af3839290b0ef57ad6,USDC,6,0,0.0002232623702972359774296074154306469,0
0xc9a6cd0624518b678e493c9d2fa6d71c84d5bb2b,0x4200000000000000000000000000000000000006,WETH,18,0,1,0
0xca5f5566e401af75fd6bd63bf04d02e000f34245,0x078d782b760474a361dda0af3839290b0ef57ad6,USDC,6,0,0.0002232623702972359774296074154306469,0
0xca5f5566e401af75fd6bd63bf04d02e000f34245,0x4200000000000000000000000000000000000006,WETH,18,0,1,0
0xca9f9f2aaea561d258a9f4604e1e9d669f4dbff5,0x078d782b760474a361dda0af3839290b0ef57ad6,USDC,6,0,0.0002232623702972359774296074154306469,0
0xca9f9f2aaea561d258a9f4604e1e9d669f4dbff5,0x4200000000000000000000000000000000000006,WETH,18,0,1,0
0xcbb18845316f49c9adba17b709e588bb800be28f,0x078d782b760474a361dda0af3839290b0ef57ad6,USDC,6,3679,0.0002232623702972359774296074154306469,0.003679
0xcbb18845316f49c9adba17b709e588bb800be28f,0x4200000000000000000000000000000000000006,WETH,18,0,1,0
0xcbd1c32a1b3961cc43868b8bae431ab0da65beeb,0x078d782b760474a361dda0af3839290b0ef57ad6,USDC,6,0,0.0002232623702972359774296074154306469,0
0xcbd1c32a1b3961cc43868b8bae431ab0da65beeb,0x4200000000000000000000000000000000000006,WETH,18,0,1,0
0xccf7c327ebc5577a7d7e54b3c270f39ebea3587b,0x078d782b760474a361dda0af3839290b0ef57ad6,USDC,6,0,0.0002232623702972359774296074154306469,0
0xccf7c327ebc5577a7d7e54b3c270f39ebea3587b,0x4200000000000000000000000000000000000006,WETH,18,0,1,0
0xcd92b68b5513936870b12a9ad3f6b15254c2d6d5,0x078d782b760474a361dda0af3839290b0ef57ad6,USDC,6,0,0.0002232623702972359774296074154306469,0
0xcd92b68b5513936870b12a9ad3f6b15254c2d6d5,0x4200000000000000000000000000000000000006,WETH,18,85196994422903101,1,0.085196994422903101
0xce93c663be458e3a5049e79d3e1ca09a45f173a2,0x078d782b760474a361dda0af3839290b0ef57ad6,USDC,6,20007,0.0002232623702972359774296074154306469,0.020007
0xce93c663be458e3a5049e79d3e1ca09a45f173a2,0x8f187aa05619a017077f5308904739877ce9ea21,UNI,18,3025330792008311,0.002209706369340035458379914791264532,0.003025330792008311
0xd0ce78aa8ba81927184b443792c885266619061d,0x078d782b760474a361dda0af3839290b0ef57ad6,USDC,6,0,0.0002232623702972359774296074154306469,0
0xd0ce78aa8ba81927184b443792c885266619061d,0x4200000000000000000000000000000000000006,WETH,18,298518242253005,1,0.000298518242253005
0xd2b4a6c0adca48f7e8494ecf10c00cdb06d3001b,0x078d782b760474a361dda0af3839290b0ef57ad6,USDC,6,2,0.0002232623702972359774296074154306469,0.000002
0xd2b4a6c0adca48f7e8494ecf10c00cdb06d3001b,0x4200000000000000000000000000000000000006,WETH,18,43467764267806,1,0.000043467764267806
0xd2b4a6c0adca48f7e8494ecf10c00cdb06d3001b,0x9151434b16b9763660705744891fa906f660ecc5,USD₮0,6,0,0.0002232940457062827833229487878148964,0
0xd2b4a6c0adca48f7e8494ecf10c00cdb06d3001b,0x927b51f251480a681271180da4de28d44ec4afb8,WBTC,8,68,24.96086049255739644297257544746364,0.00000068
0xd3422dc2ee694486c488125c47ec3978ae247ea0,0x078d782b760474a361dda0af3839290b0ef57ad6,USDC,6,18866,0.0002232623702972359774296074154306469,0.018866
0xd3422dc2ee694486c488125c47ec3978ae247ea0,0x4200000000000000000000000000000000000006,WETH,18,5218893044377,1,0.000005218893044377
0xd4d39afd483ae56f2f232544ad463cf33cb5c246,0x078d782b760474a361dda0af3839290b0ef57ad6,USDC,6,0,0.0002232623702972359774296074154306469,0
0xd4d39afd483ae56f2f232544ad463cf33cb5c246,0x4200000000000000000000000000000000000006,WETH,18,0,1,0
0xd76572903d55338fb995e32bef9ab1e5088d0748,0x078d782b760474a361dda0af3839290b0ef57ad6,USDC,6,0,0.0002232623702972359774296074154306469,0
0xd76572903d55338fb995e32bef9ab1e5088d0748,0x4200000000000000000000000000000000000006,WETH,18,1306084577915011,1,0.001306084577915011
0xd89741d18f2f9f02b619fdd33a0db489cf9fe048,0x078d782b760474a361dda0af3839290b0ef57ad6,USDC,6,0,0.0002232623702972359774296074154306469,0
0xd89741d18f2f9f02b619fdd33a0db489cf9fe048,0x4200000000000000000000000000000000000006,WETH,18,0,1,0
0xd94ba27fefaa5d995edd80962253e02eeec325e0,0x078d782b760474a361dda0af3839290b0ef57ad6,USDC,6,0,0.0002232623702972359774296074154306469,0
0xd94ba27fefaa5d995edd80962253e02eeec325e0,0x4200000000000000000000000000000000000006,WETH,18,0,1,0
0xd95cab9e1cb2d701111c81aa9c9fb06799e5748a,0x078d782b760474a361dda0af3839290b0ef57ad6,USDC,6,0,0.0002232623702972359774296074154306469,0
0xd95cab9e1cb2d701111c81aa9c9fb06799e5748a,0x4200000000000000000000000000000000000006,WETH,18,0,1,0
0xda1b34a331fd1712f88b78fc958918befc892d75,0x078d782b760474a361dda0af3839290b0ef57ad6,USDC,6,10130,0.0002232623702972359774296074154306469,0.01013
0xda1b34a331fd1712f88b78fc958918befc892d75,0x4200000000000000000000000000000000000006,WETH,18,0,1,0
0xdbfc2f881d0a2864b3d247e08c5d93baf564050e,0x078d782b760474a361dda0af3839290b0ef57ad6,USDC,6,1,0.0002232623702972359774296074154306469,0.000001
0xdbfc2f881d0a2864b3d247e08c5d93baf564050e,0x4200000000000000000000000000000000000006,WETH,18,109481535182549024,1,0.109481535182549024
0xdbfc2f881d0a2864b3d247e08c5d93baf564050e,0x9151434b16b9763660705744891fa906f660ecc5,USD₮0,6,0,0.0002232940457062827833229487878148964,0
0xdbfc2f881d0a2864b3d247e08c5d93baf564050e,0x927b51f251480a681271180da4de28d44ec4afb8,WBTC,8,232653,24.96086049255739644297257544746364,0.00232653
0xdc64a6620c4307aa25b7b91d07f4a3a8f350b172,0x078d782b760474a361dda0af3839290b0ef57ad6,USDC,6,0,0.0002232623702972359774296074154306469,0
0xdc64a6620c4307aa25b7b91d07f4a3a8f350b172,0x4200000000000000000000000000000000000006,WETH,18,0,1,0
0xdcc51decf8990ce386be9eecfbc48ffb96c82b7f,0x078d782b760474a361dda0af3839290b0ef57ad6,USDC,6,3036923,0.0002232623702972359774296074154306469,3.036923
0xdcc51decf8990ce386be9eecfbc48ffb96c82b7f,0x4200000000000000000000000000000000000006,WETH,18,0,1,0
0xde5209f2ff10eefb8fd635235eef494d176f9b9b,0x078d782b760474a361dda0af3839290b0ef57ad6,USDC,6,0,0.0002232623702972359774296074154306469,0
0xde5209f2ff10eefb8fd635235eef494d176f9b9b,0x4200000000000000000000000000000000000006,WETH,18,0,1,0
0xde602e913ae01895cddf7decf96a9162c527d9e1,0x078d782b760474a361dda0af3839290b0ef57ad6,USDC,6,0,0.0002232623702972359774296074154306469,0
0xde602e913ae01895cddf7decf96a9162c527d9e1,0x4200000000000000000000000000000000000006,WETH,18,110425937233092218,1,0.110425937233092218
0xde602e913ae01895cddf7decf96a9162c527d9e1,0x9151434b16b9763660705744891fa906f660ecc5,USD₮0,6,0,0.0002232940457062827833229487878148964,0
0xde602e913ae01895cddf7decf96a9162c527d9e1,0x927b51f251480a681271180da4de28d44ec4afb8,WBTC,8,232265,24.96086049255739644297257544746364,0.00232265
0xdedb04c9fe547ee3d54f1c715aee935f6cee929c,0x078d782b760474a361dda0af3839290b0ef57ad6,USDC,6,15332,0.0002232623702972359774296074154306469,0.015332
0xdedb04c9fe547ee3d54f1c715aee935f6cee929c,0x4200000000000000000000000000000000000006,WETH,18,0,1,0
0xdef0d51fd057d5d31bcd88adb990ca97e579da93,0x078d782b760474a361dda0af3839290b0ef57ad6,USDC,6,0,0.0002232623702972359774296074154306469,0
0xdef0d51fd057d5d31bcd88adb990ca97e579da93,0x4200000000000000000000000000000000000006,WETH,18,0,1,0
0xdef27d920be434fa870978c342671a9b7a7bd271,0x078d782b760474a361dda0af3839290b0ef57ad6,USDC,6,0,0.0002232623702972359774296074154306469,0
0xdef27d920be434fa870978c342671a9b7a7bd271,0x4200000000000000000000000000000000000006,WETH,18,298793778930869,1,0.000298793778930869
0xdf13f2ac95b43ada5fd719c3abc95e2b699692a8,0x078d782b760474a361dda0af3839290b0ef57ad6,USDC,6,0,0.0002232623702972359774296074154306469,0
0xdf13f2ac95b43ada5fd719c3abc95e2b699692a8,0x4200000000000000000000000000000000000006,WETH,18,0,1,0
0xe05300035907c45b1e715f6d66ef006ba38e8310,0x078d782b760474a361dda0af3839290b0ef57ad6,USDC,6,92,0.0002232623702972359774296074154306469,0.000092
0xe05300035907c45b1e715f6d66ef006ba38e8310,0x4200000000000000000000000000000000000006,WETH,18,10024248473,1,0.000000010024248473
0xe25d787eadda39578f6e1ce5e5cf6835ba43a370,0x078d782b760474a361dda0af3839290b0ef57ad6,USDC,6,20850968,0.0002232623702972359774296074154306469,20.850968
0xe25d787eadda39578f6e1ce5e5cf6835ba43a370,0x4200000000000000000000000000000000000006,WETH,18,0,1,0
0xe268454794b1f6a190cde392b40d929fe5046909,0x078d782b760474a361dda0af3839290b0ef57ad6,USDC,6,1,0.0002232623702972359774296074154306469,0.000001
0xe268454794b1f6a190cde392b40d929fe5046909,0x4200000000000000000000000000000000000006,WETH,18,1,1,0.000000000000000001
0xe268454794b1f6a190cde392b40d929fe5046909,0x9151434b16b9763660705744891fa906f660ecc5,USD₮0,6,0,0.0002232940457062827833229487878148964,0
0xe268454794b1f6a190cde392b40d929fe5046909,0x927b51f251480a681271180da4de28d44ec4afb8,WBTC,8,1,24.96086049255739644297257544746364,0.00000001
0xe288f45bbc11f8bb278ad02aceed571310294d0e,0x078d782b760474a361dda0af3839290b0ef57ad6,USDC,6,113588,0.0002232623702972359774296074154306469,0.113588
0xe288f45bbc11f8bb278ad02aceed571310294d0e,0x4200000000000000000000000000000000000006,WETH,18,0,1,0
0xe294b74cc696f822b8e4f60646d8914b5640c546,0x078d782b760474a361dda0af3839290b0ef57ad6,USDC,6,20750530,0.0002232623702972359774296074154306469,20.75053
0xe294b74cc696f822b8e4f60646d8914b5640c546,0x4200000000000000000000000000000000000006,WETH,18,9822893048653308,1,0.009822893048653308
0xe2e3a437480b3d0d333f2799f77d14a362f6ccae,0x078d782b760474a361dda0af3839290b0ef57ad6,USDC,6,0,0.0002232623702972359774296074154306469,0
0xe2e3a437480b3d0d333f2799f77d14a362f6ccae,0x4200000000000000000000000000000000000006,WETH,18,0,1,0
0xe3d95503900977c4a8b9322a2c059f176d80789b,0x078d782b760474a361dda0af3839290b0ef57ad6,USDC,6,1,0.0002232623702972359774296074154306469,0.000001
0xe3d95503900977c4a8b9322a2c059f176d80789b,0x4200000000000000000000000000000000000006,WETH,18,0,1,0
0xe4382e29f2bf4ecab790420016ecbf630a1c04a9,0x078d782b760474a361dda0af3839290b0ef57ad6,USDC,6,2990683,0.0002232623702972359774296074154306469,2.990683
0xe4382e29f2bf4ecab790420016ecbf630a1c04a9,0x4200000000000000000000000000000000000006,WETH,18,0,1,0
0xe4b7538c2e2bc683a3e84ea67aded2dff6c8cef5,0x078d782b760474a361dda0af3839290b0ef57ad6,USDC,6,4280839,0.0002232623702972359774296074154306469,4.280839
0xe4b7538c2e2bc683a3e84ea67aded2dff6c8cef5,0x4200000000000000000000000000000000000006,WETH,18,3784350211875644,1,0.003784350211875644
0xe4fa8fd77066598bdf373b69fc10d6d48d21cb2a,0x078d782b760474a361dda0af3839290b0ef57ad6,USDC,6,0,0.0002232623702972359774296074154306469,0
0xe4fa8fd77066598bdf373b69fc10d6d48d21cb2a,0x4200000000000000000000000000000000000006,WETH,18,0,1,0
0xe5988e0a077491660baddb23d2444c5519195596,0x078d782b760474a361dda0af3839290b0ef57ad6,USDC,6,0,0.0002232623702972359774296074154306469,0
0xe5988e0a077491660baddb23d2444c5519195596,0x4200000000000000000000000000000000000006,WETH,18,0,1,0
0xe6b5c0c4f978ed046d2947e78855ee11064268b3,0x078d782b760474a361dda0af3839290b0ef57ad6,USDC,6,0,0.0002232623702972359774296074154306469,0
0xe6b5c0c4f978ed046d2947e78855ee11064268b3,0x4200000000000000000000000000000000000006,WETH,18,0,1,0
0xe6ecf4a3bf417f34d14cbeb622870cd4c3d420ac,0x078d782b760474a361dda0af3839290b0ef57ad6,USDC,6,1,0.0002232623702972359774296074154306469,0.000001
0xe6ecf4a3bf417f34d14cbeb622870cd4c3d420ac,0x4200000000000000000000000000000000000006,WETH,18,0,1,0
0xe71755e4e5aa7dd925177fcedb45880166667b64,0x078d782b760474a361dda0af3839290b0ef57ad6,USDC,6,5007688,0.0002232623702972359774296074154306469,5.007688
0xe71755e4e5aa7dd925177fcedb45880166667b64,0x4200000000000000000000000000000000000006,WETH,18,0,1,0
0xe7c81a32132db7be0e90b242c345f7bd8ee55525,0x078d782b760474a361dda0af3839290b0ef57ad6,USDC,6,0,0.0002232623702972359774296074154306469,0
0xe7c81a32132db7be0e90b242c345f7bd8ee55525,0x4200000000000000000000000000000000000006,WETH,18,0,1,0
0xe7f9c2c99f08acdcf685aec0850202457813c8de,0x078d782b760474a361dda0af3839290b0ef57ad6,USDC,6,36159031,0.0002232623702972359774296074154306469,36.159031
0xe7f9c2c99f08acdcf685aec0850202457813c8de,0x4200000000000000000000000000000000000006,WETH,18,0,1,0
0xe844d6d618af2eca0dfeb622996dd6fd9e64222f,0x078d782b760474a361dda0af3839290b0ef57ad6,USDC,6,0,0.0002232623702972359774296074154306469,0
0xe844d6d618af2eca0dfeb622996dd6fd9e64222f,0x4200000000000000000000000000000000000006,WETH,18,998442261113,1,0.000000998442261113
0xe8678fbecb76c557f48bbb949a114216cb1fd775,0x078d782b760474a361dda0af3839290b0ef57ad6,USDC,6,1,0.0002232623702972359774296074154306469,0.000001
0xe8678fbecb76c557f48bbb949a114216cb1fd775,0x4200000000000000000000000000000000000006,WETH,18,10251099998072996,1,0.010251099998072996
0xe89d24c57a2cf6260d858ab3962a4a6597a9be0c,0x078d782b760474a361dda0af3839290b0ef57ad6,USDC,6,0,0.0002232623702972359774296074154306469,0
0xe89d24c57a2cf6260d858ab3962a4a6597a9be0c,0x4200000000000000000000000000000000000006,WETH,18,0,1,0
0xe91b4c8a57e495e90a0da33e520040217bd2affd,0x078d782b760474a361dda0af3839290b0ef57ad6,USDC,6,2426,0.0002232623702972359774296074154306469,0.002426
0xe91b4c8a57e495e90a0da33e520040217bd2affd,0x20cab320a855b39f724131c69424240519573f81,DAI,18,54827070074287460,0.0002239275384258182651926595865209164,0.05482707007428746
0xe91b4c8a57e495e90a0da33e520040217bd2affd,0x4200000000000000000000000000000000000006,WETH,18,400984943036,1,0.000000400984943036
0xe91b4c8a57e495e90a0da33e520040217bd2affd,0x8f187aa05619a017077f5308904739877ce9ea21,UNI,18,0,0.002209706369340035458379914791264532,0
0xe989ea790938011e9d421eb2734a4bf9e89c54cd,0x078d782b760474a361dda0af3839290b0ef57ad6,USDC,6,0,0.0002232623702972359774296074154306469,0
0xe989ea790938011e9d421eb2734a4bf9e89c54cd,0x4200000000000000000000000000000000000006,WETH,18,0,1,0
0xea37114a9cfa314d3b7deb164c7d34dcd26e3bbc,0x078d782b760474a361dda0af3839290b0ef57ad6,USDC,6,11047240,0.0002232623702972359774296074154306469,11.04724
0xea37114a9cfa314d3b7deb164c7d34dcd26e3bbc,0x4200000000000000000000000000000000000006,WETH,18,6805840127842136,1,0.006805840127842136
0xea98a37ce62f2342a3eb0ad9edd9181c383d8958,0x078d782b760474a361dda0af3839290b0ef57ad6,USDC,6,272039,0.0002232623702972359774296074154306469,0.272039
0xea98a37ce62f2342a3eb0ad9edd9181c383d8958,0x4200000000000000000000000000000000000006,WETH,18,0,1,0
0xeaf37cdc3d32c30f3dcb35c43c81740cf3bfbad9,0x078d782b760474a361dda0af3839290b0ef57ad6,USDC,6,0,0.0002232623702972359774296074154306469,0
0xeaf37cdc3d32c30f3dcb35c43c81740cf3bfbad9,0x4200000000000000000000000000000000000006,WETH,18,0,1,0
0xebd612d857e40c38a2241ba6f57414b3f44df17d,0x078d782b760474a361dda0af3839290b0ef57ad6,USDC,6,184562,0.0002232623702972359774296074154306469,0.184562
0xebd612d857e40c38a2241ba6f57414b3f44df17d,0x8f187aa05619a017077f5308904739877ce9ea21,UNI,18,0,0.002209706369340035458379914791264532,0
0xed836e80b85e1723f44cdd1a6233ffce288cd14e,0x078d782b760474a361dda0af3839290b0ef57ad6,USDC,6,0,0.0002232623702972359774296074154306469,0
0xed836e80b85e1723f44cdd1a6233ffce288cd14e,0x4200000000000000000000000000000000000006,WETH,18,0,1,0
0xf002fcaf8a060808ed39d04e6ff92425080a71d7,0x078d782b760474a361dda0af3839290b0ef57ad6,USDC,6,0,0.0002232623702972359774296074154306469,0
0xf002fcaf8a060808ed39d04e6ff92425080a71d7,0x4200000000000000000000000000000000000006,WETH,18,0,1,0
0xf0356a263a8fb286ca7bff3c80915c3cc96fecd6,0x078d782b760474a361dda0af3839290b0ef57ad6,USDC,6,0,0.0002232623702972359774296074154306469,0
0xf0356a263a8fb286ca7bff3c80915c3cc96fecd6,0x4200000000000000000000000000000000000006,WETH,18,0,1,0
0xf0a3108221a183e32f138dd1933394d58390b56b,0x078d782b760474a361dda0af3839290b0ef57ad6,USDC,6,67175,0.0002232623702972359774296074154306469,0.067175
0xf0a3108221a183e32f138dd1933394d58390b56b,0x4200000000000000000000000000000000000006,WETH,18,0,1,0
0xf0a9552813f86988c378dc6ca7b6980165f6360e,0x078d782b760474a361dda0af3839290b0ef57ad6,USDC,6,690225,0.0002232623702972359774296074154306469,0.690225
0xf0a9552813f86988c378dc6ca7b6980165f6360e,0x8f187aa05619a017077f5308904739877ce9ea21,UNI,18,100842404939750902,0.002209706369340035458379914791264532,0.100842404939750902
0xf0c65706bac657e6c4cee481b57cd7911f0896e0,0x078d782b760474a361dda0af3839290b0ef57ad6,USDC,6,0,0.0002232623702972359774296074154306469,0
0xf0c65706bac657e6c4cee481b57cd7911f0896e0,0x4200000000000000000000000000000000000006,WETH,18,0,1,0
0xf0e1616acda03736fd4e57e75af7a57308e87a32,0x078d782b760474a361dda0af3839290b0ef57ad6,USDC,6,0,0.0002232623702972359774296074154306469,0
0xf0e1616acda03736fd4e57e75af7a57308e87a32,0x4200000000000000000000000000000000000006,WETH,18,0,1,0
0xf18eefb159fdc69afd9e412530dd0b1650d3f8f4,0x078d782b760474a361dda0af3839290b0ef57ad6,USDC,6,0,0.0002232623702972359774296074154306469,0
0xf18eefb159fdc69afd9e412530dd0b1650d3f8f4,0x4200000000000000000000000000000000000006,WETH,18,0,1,0
0xf1fd22a8ab3a071b95645d2b6b1d1c5063653ddb,0x078d782b760474a361dda0af3839290b0ef57ad6,USDC,6,277455,0.0002232623702972359774296074154306469,0.277455
0xf1fd22a8ab3a071b95645d2b6b1d1c5063653ddb,0x8f187aa05619a017077f5308904739877ce9ea21,UNI,18,22452890268890450,0.002209706369340035458379914791264532,0.02245289026889045
0xf28ee4d69f9b269cd14f9cbb7db3d4e7d8c7858c,0x078d782b760474a361dda0af3839290b0ef57ad6,USDC,6,8814925,0.0002232623702972359774296074154306469,8.814925
0xf28ee4d69f9b269cd14f9cbb7db3d4e7d8c7858c,0x4200000000000000000000000000000000000006,WETH,18,3547551174691861,1,0.003547551174691861
0xf2b3a2b72c2960ef7f9f04dcc2aec4b68e4c3770,0x078d782b760474a361dda0af3839290b0ef57ad6,USDC,6,26734340,0.0002232623702972359774296074154306469,26.73434
0xf2b3a2b72c2960ef7f9f04dcc2aec4b68e4c3770,0x4200000000000000000000000000000000000006,WETH,18,0,1,0
0xf2cf67312d595797554d735104d818633315f438,0x078d782b760474a361dda0af3839290b0ef57ad6,USDC,6,4942985,0.0002232623702972359774296074154306469,4.942985
0xf2cf67312d595797554d735104d818633315f438,0x4200000000000000000000000000000000000006,WETH,18,251322594102261,1,0.000251322594102261
0xf31fd82db5aab08fe990897472ceb1fa51b1932c,0x078d782b760474a361dda0af3839290b0ef57ad6,USDC,6,0,0.0002232623702972359774296074154306469,0
0xf31fd82db5aab08fe990897472ceb1fa51b1932c,0x4200000000000000000000000000000000000006,WETH,18,110876572986472709,1,0.110876572986472709
0xf337cac00b25dd85ea3760518b93b2970909e52b,0x078d782b760474a361dda0af3839290b0ef57ad6,USDC,6,207234,0.0002232623702972359774296074154306469,0.207234
0xf337cac00b25dd85ea3760518b93b2970909e52b,0x8f187aa05619a017077f5308904739877ce9ea21,UNI,18,13857684634300328,0.002209706369340035458379914791264532,0.013857684634300328
0xf3d7459c7f6f75252aadf594d2ea74f04b359f82,0x078d782b760474a361dda0af3839290b0ef57ad6,USDC,6,1,0.0002232623702972359774296074154306469,0.000001
0xf3d7459c7f6f75252aadf594d2ea74f04b359f82,0x4200000000000000000000000000000000000006,WETH,18,0,1,0
0xf4a34c49db3e0dfdfb3efae46e04d60ef6e9453f,0x078d782b760474a361dda0af3839290b0ef57ad6,USDC,6,0,0.0002232623702972359774296074154306469,0
0xf4a34c49db3e0dfdfb3efae46e04d60ef6e9453f,0x4200000000000000000000000000000000000006,WETH,18,0,1,0
0xf504a0e49d8c4d9f14cbc2b2130db0540ab53f84,0x078d782b760474a361dda0af3839290b0ef57ad6,USDC,6,0,0.0002232623702972359774296074154306469,0
0xf504a0e49d8c4d9f14cbc2b2130db0540ab53f84,0x4200000000000000000000000000000000000006,WETH,18,1000178466381748506,1,1.000178466381748506
0xf515b1ed8eb0582fc7f2cc5d507c41ff9fa989cc,0x078d782b760474a361dda0af3839290b0ef57ad6,USDC,6,40268,0.0002232623702972359774296074154306469,0.040268
0xf515b1ed8eb0582fc7f2cc5d507c41ff9fa989cc,0x20cab320a855b39f724131c69424240519573f81,DAI,18,23068340357460173,0.0002239275384258182651926595865209164,0.023068340357460173
0xf515b1ed8eb0582fc7f2cc5d507c41ff9fa989cc,0x4200000000000000000000000000000000000006,WETH,18,34080787220731,1,0.000034080787220731
0xf515b1ed8eb0582fc7f2cc5d507c41ff9fa989cc,0x8f187aa05619a017077f5308904739877ce9ea21,UNI,18,2382759513747755,0.002209706369340035458379914791264532,0.002382759513747755
0xf5fa0f11364cc7695c2e8c3f7c9a7de3ea2483f1,0x078d782b760474a361dda0af3839290b0ef57ad6,USDC,6,0,0.0002232623702972359774296074154306469,0
0xf5fa0f11364cc7695c2e8c3f7c9a7de3ea2483f1,0x4200000000000000000000000000000000000006,WETH,18,0,1,0
0xf7758a7a599e4309b49e9ee9f6f88d10b97699e2,0x078d782b760474a361dda0af3839290b0ef57ad6,USDC,6,0,0.0002232623702972359774296074154306469,0
0xf7758a7a599e4309b49e9ee9f6f88d10b97699e2,0x4200000000000000000000000000000000000006,WETH,18,0,1,0
0xf9107317b0ff77ed5b7adea15e50514a3564002b,0x078d782b760474a361dda0af3839290b0ef57ad6,USDC,6,0,0.0002232623702972359774296074154306469,0
0xf9107317b0ff77ed5b7adea15e50514a3564002b,0x4200000000000000000000000000000000000006,WETH,18,0,1,0
0xfa395f1d770b72333fea7f487453e151fa4b9348,0x078d782b760474a361dda0af3839290b0ef57ad6,USDC,6,0,0.0002232623702972359774296074154306469,0
0xfa395f1d770b72333fea7f487453e151fa4b9348,0x4200000000000000000000000000000000000006,WETH,18,0,1,0
0xfaa7c23307e809c239502dbb517111943a5e93d7,0x078d782b760474a361dda0af3839290b0ef57ad6,USDC,6,8878,0.0002232623702972359774296074154306469,0.008878
0xfaa7c23307e809c239502dbb517111943a5e93d7,0x4200000000000000000000000000000000000006,WETH,18,0,1,0
0xfacec1c32ae56097866a6c1dda1124f2c6844f40,0x078d782b760474a361dda0af3839290b0ef57ad6,USDC,6,0,0.0002232623702972359774296074154306469,0
0xfacec1c32ae56097866a6c1dda1124f2c6844f40,0x4200000000000000000000000000000000000006,WETH,18,4990336630804138,1,0.004990336630804138
0xfad85cfb8ba2288df114d4327cd218d04c7d015c,0x078d782b760474a361dda0af3839290b0ef57ad6,USDC,6,0,0.0002232623702972359774296074154306469,0
0xfad85cfb8ba2288df114d4327cd218d04c7d015c,0x4200000000000000000000000000000000000006,WETH,18,0,1,0
0xfb19e4579f119acb99fbe3c7d8f0b0e36993d851,0x078d782b760474a361dda0af3839290b0ef57ad6,USDC,6,1,0.0002232623702972359774296074154306469,0.000001
0xfb19e4579f119acb99fbe3c7d8f0b0e36993d851,0x4200000000000000000000000000000000000006,WETH,18,0,1,0
0xfba2921fb9ce1884670c8582f24c199003b9fbd6,0x078d782b760474a361dda0af3839290b0ef57ad6,USDC,6,0,0.0002232623702972359774296074154306469,0
0xfba2921fb9ce1884670c8582f24c199003b9fbd6,0x4200000000000000000000000000000000000006,WETH,18,580792496756014,1,0.000580792496756014
0xfbc1458c5bdc9db7dd903f26a02b7cf27bed4610,0x078d782b760474a361dda0af3839290b0ef57ad6,USDC,6,1,0.0002232623702972359774296074154306469,0.000001
0xfbc1458c5bdc9db7dd903f26a02b7cf27bed4610,0x4200000000000000000000000000000000000006,WETH,18,0,1,0
0xfc4b361ea13a11b85d7b4f75623f6e6bcafd8f16,0x078d782b760474a361dda0af3839290b0ef57ad6,USDC,6,0,0.0002232623702972359774296074154306469,0
0xfc4b361ea13a11b85d7b4f75623f6e6bcafd8f16,0x4200000000000000000000000000000000000006,WETH,18,110872846003876,1,0.000110872846003876
0xfc8d4e46e85e9d2527bdeb889f409c556272de1c,0x078d782b760474a361dda0af3839290b0ef57ad6,USDC,6,0,0.0002232623702972359774296074154306469,0
0xfc8d4e46e85e9d2527bdeb889f409c556272de1c,0x4200000000000000000000000000000000000006,WETH,18,0,1,0
0xffb7f577980fddf5db9b3857b0f6a5709362b947,0x078d782b760474a361dda0af3839290b0ef57ad6,USDC,6,0,0.0002232623702972359774296074154306469,0
0xffb7f577980fddf5db9b3857b0f6a5709362b947,0x4200000000000000000000000000000000000006,WETH,18,99844227106205,1,0.000099844227106205
0xffd4fcae9e8392e5f6dfab5f1b7a60704b516f32,0x078d782b760474a361dda0af3839290b0ef57ad6,USDC,6,0,0.0002232623702972359774296074154306469,0
0xffd4fcae9e8392e5f6dfab5f1b7a60704b516f32,0x4200000000000000000000000000000000000006,WETH,18,0,1,0
0xffd4fcae9e8392e5f6dfab5f1b7a60704b516f32,0x8f187aa05619a017077f5308904739877ce9ea21,UNI,18,0,0.002209706369340035458379914791264532,0
